id,title,condition,category_id,category_name,seller_id,seller_nickname,original_price,sale_price,available_quantity,store_pick_up,free_shipping,state_name,city_name
MLB3655023677,Suporte Fundo Infinito+ Bolsa+ 16 Presilhas Fotográfica Pro,new,MLB271836,Câmeras e Acessórios,808787852,USEFULCOMERCIALLTDA,197,159.57,150,False,True,São Paulo,Cravinhos
MLB4587481424,Câmera Descartável Kodak Funsaver Preta/vermelha/amarela,new,MLB1985,Câmeras e Acessórios,833768103,BEMSONJDCOMERCIALLTDABEMSO,,199,1,False,True,São Paulo,São Paulo
MLB4092885690,"Porta Banner C/ Garras 1,80 Suporte Pedestal Imediato",new,MLB103465,Câmeras e Acessórios,152024409,CEPROPLASTBRINDES,72.9,46.65,250,False,False,São Paulo,Cravinhos
MLB4296907580,Binóculo Diurno E Noturno Zoom 30x60 Até 1000m Profissional,new,MLB4063,Câmeras e Acessórios,1282834350,ONLY.L,42.9,35.17,500,False,False,São Paulo,São Paulo
MLB5066959072,Lâmpada Tricool Para Softbox 135w 5500k T-photo 110v,new,MLB38267,Câmeras e Acessórios,175729038,4FITNESS,56.99,49.58,100,False,False,Paraná,Curitiba
MLB3823651577,Filme Instantâneo Fujifilm Instax Mini 40 Fotos - 705065388,new,MLB271703,Câmeras e Acessórios,582029049,SUDESTECOLORFOTOSLTDA,,159,250,False,True,Espírito Santo,Vitória
MLB4667567704,Câmera Instantânea Fujifilm Instax Mini 12 (rosa Gloss,new,MLB1985,Câmeras e Acessórios,1014693031,REP STORE,423,379.9,50,False,True,Santa Catarina,Joinville
MLB5152036776,"Suporte De Mesa Para Celular Para Gravar, Assistir Série",new,MLB103465,Câmeras e Acessórios,1643992138,TRIUNFO_ECOMMERCE,,16.7,250,False,False,São Paulo,São Paulo
MLB3805620551,"Microscópio De Bolso Microbriteplus C/led, 60x-120x Cor Cinza",new,MLB4064,Câmeras e Acessórios,168873882,LOJAE-STORE,197.14,124.19,1,False,True,São Paulo,São Paulo
MLB5019482278,Kit Iluminação Luz Contínua Softbox 50x70 E27 C/ Tripé 2m Para Estúdio Fotográfico T-photo,new,MLB38191,Câmeras e Acessórios,175729038,4FITNESS,,163,200,False,True,Paraná,Curitiba
MLB4610629904,Lens Wipes Zeiss Com 200 Lenços Umedecidos,new,MLB271838,Câmeras e Acessórios,439595320,LABELLA COMÉRCIO,139.9,121.71,250,False,True,São Paulo,São Paulo
MLB4328935786,Filme Instantâneo Instax Com 20 Poses Fujifilm Filmemini20 Cor Branco,new,MLB271703,Câmeras e Acessórios,70201425,A.I.FOTOEOTICA,101.9,91.71,250,False,True,São Paulo,Itu
MLB3772217475,Câmera Instantânea Fujifilm Instax Mini 12 (branco Marfim,new,MLB1985,Câmeras e Acessórios,1743481486,ELETROVALL,457.39,379.91,1,False,True,Espírito Santo,Vitória
MLB3767907703,Rádio Flash Godox Xnano X3-c Ttl Transmissor Para Canon,new,MLB278140,Câmeras e Acessórios,1727417381,DIFU20240315122603,674,599.4,1,False,True,São Paulo,São Paulo
MLB3655184445,Gimbal Portátil Celular Vertical Horizontal L7cpro 3 Eixos Cor Cinza,new,MLB233527,Câmeras e Acessórios,589052842,TECHTS VARIEDADES,,399,1,False,True,São Paulo,Taboão da Serra
MLB4617495586,Binóculo Infantil Profissional Pequeno Longo Alcance 8x21 Uv Cor Verde,new,MLB4063,Câmeras e Acessórios,265226714,DIGGICOM_COMERCIO,,69.27,1,False,False,São Paulo,São Paulo
MLB3428601839,Case Micro E Sd Aluminio Porta Cartão Memoria Estojo Prata Cor Prateado,new,MLB277398,Câmeras e Acessórios,662903109,ITAPE MERCADOS,42.9,34.2,100,False,False,São Paulo,Itapetininga
MLB4786390494,Kit Estúdio Iluminação Fotográfica Tripé E Softbox 50x70,new,MLB271861,Câmeras e Acessórios,621419111,MEUIMPORTADORBRLTDA,139.99,106.19,50,False,True,Santa Catarina,São José
MLB3695117681,Câmera Instantânea Fujifilm Instax Mini 12 Cor Lilás,new,MLB1985,Câmeras e Acessórios,430836867,ARAUMA SHOP,491.99,409.9,50,False,True,São Paulo,São Paulo
MLB4709784006,Zeiss Lens Wipes X100 Lenços Umedecido Limpa Lentes Óculos,new,MLB271838,Câmeras e Acessórios,258966188,GTAGCOMERCIO,,71.06,100,False,False,São Paulo,São Paulo
MLB3593622089,Exbom X600 Profissional Hidráulico 2 Em 1 Monopé 10kg 1.6m,new,MLB103465,Câmeras e Acessórios,1182149733,TACED,,294,50,False,True,São Paulo,Franco da Rocha
MLB3523890715,Luz De Led Para Fotos Vídeos - Rgb Ulanzi Vl49 Rgb No Brasil Cor Da Estrutura Classic Black 110v/220v,new,MLB38267,Câmeras e Acessórios,1039339531,RASK,219.99,167.19,50,False,True,São Paulo,São Paulo
MLB1660097367,Tapa Olho Pirata Neoprene Oclusor Estrabismo Ambliopia,new,MLB4066,Câmeras e Acessórios,471750278,LOJAISOPRENEOFICIAL,24.8,19.95,100,False,False,São Paulo,Jaú
MLB3891249099,Cartão De Memória  Sandisk Sdsqunr-064g-gn3ma  Ultra Com Adaptador Sd 64gb,new,MLB7475,Câmeras e Acessórios,1473251332,VELASSAT,,31.89,1,False,False,São Paulo,São Paulo
MLB3780056919,Câmera Sony Alpha Zv-e10 16/50mm / 3.5-5.6 Oss Lczve10l/ B,new,MLB1042,Câmeras e Acessórios,153685029,VALIMPORTSLTDA,,5559,1,False,True,Paraná,Maringá
MLB3805052575,Cartão Cinza Balanço Branco 3 Em1 18% Grey Card White Balan,new,MLB277790,Câmeras e Acessórios,182386228,LESTEMINAS IMPORTADOS,35.55,31.99,1,False,False,Minas Gerais,Governador Valadares
MLB3735024215,Suporte Clip Rotativo Celular C Rosca 1/4 P Tripé Cor Preto,new,MLB38270,Câmeras e Acessórios,75803531,LOJA_DO_PÃODURO,35.99,27.55,1,False,False,Rio de Janeiro,Rio de Janeiro
MLB3907677353,Tripé Bastão De Selfie Controle Bluetooth P/ Celular Câmera,new,MLB103464,Câmeras e Acessórios,1328306496,CHAN_CHU,,22.9,1,False,False,São Paulo,Jundiaí
MLB1466766591,Kit Lens Wipes Zeiss C/ 300 Lenços Umedecidos,new,MLB271838,Câmeras e Acessórios,439595320,LABELLA COMÉRCIO,,169.9,150,False,True,São Paulo,São Paulo
MLB3816865398,Bastão De Luz De Preenchimento Rgb Luxceo-q508a,new,MLB38267,Câmeras e Acessórios,1230347095,BRUNOBRUNO20221102144343,330,254.1,200,False,True,São Paulo,São Paulo
MLB3866036005,Monóculo 40x60 Profissional Tático + Tripé + Suporte Celular,new,MLB70298,Câmeras e Acessórios,1278107584,JOTAECOMERCE,99.9,77.9,50,False,True,São Paulo,Guarulhos
MLB4988912878,Mega Varejo Q5 Trail Camera Gjgj 4 Compacta Cor  Rosa,new,MLB1042,Câmeras e Acessórios,1348549439,ROSICLER CARDOSO,,162,1,False,True,São Paulo,Pontes Gestal
MLB4814152132,Alça Dupla Para Camera Fotografica Filmadora Estudio Foto,new,MLB269730,Câmeras e Acessórios,1727195401,MENDES_GROUP,,78.9,1,False,False,Minas Gerais,Monsenhor Paulo
MLB5148365692,Case Telesin Cor Preto,new,MLB50100,Câmeras e Acessórios,816979961,FUNPRO ARTIGOSFOTOGRAFICOS,,212.65,1,False,True,Santa Catarina,Criciúma
MLB3900466771,Barra Led Profissional Para Gravação + Tripé E Controle,new,MLB38267,Câmeras e Acessórios,1257542013,WWDECOM,,125,50,False,True,São Paulo,São Paulo
MLB3882494883,Tripé Celular Bastão Selfie Bluetooth Iunit Xt-02 Cor Preto,new,MLB103465,Câmeras e Acessórios,1136163815,RSAM_IMPORTS,35.9,24.7,1,False,False,São Paulo,Santo André
MLB2865060081,Câmera De Segurança Intelbras Im3 Com Resolução De 2mp Visão Nocturna Incluída Branca,new,MLB1042,Câmeras e Acessórios,49535344,INFOPEL COMERCIAL_52,,299.9,1,False,True,Espírito Santo,Vila Velha
MLB3407425555,Óleo De Imersão 100ml - Renylab,new,MLB4066,Câmeras e Acessórios,207277615,SSMEDIC,,21.5,1,False,False,Rio de Janeiro,Duque de Caxias
MLB5109639872,Tomate MLG-108 Iluminador Led Rgb Cor Preto 5600k,new,MLB38267,Câmeras e Acessórios,1258278798,AMX COMERCIOPRO,,37,1,False,False,São Paulo,São Paulo
MLB3581062651,Cartão Micro Sd 128gb 64tbw Intelbras,new,MLB4893,Câmeras e Acessórios,468344903,MFCOMPUTER KZ,204.9,174.16,1,False,True,Rio de Janeiro,Duque de Caxias
MLB3857653471,3 Kits Hélices Para Drone L900 Pro Se / Pro Se Hd / Se Max,new,MLB271296,Câmeras e Acessórios,754255841,ADVENTURE TURING,,73.41,1,False,False,São Paulo,Paraguaçu Paulista
MLB3714192409,Bastão Pau Selfie Kf Sports Tripe Controle Bluetooth Retrátil Celular Cor Preto,new,MLB103464,Câmeras e Acessórios,1148408913,J.UTILIDADES,26.39,24.8,50,False,False,São Paulo,São Bernardo do Campo
MLB3337416988,Anel De Led Ring Light 10 Pol 26cm Iluminador Fotos Videos Inland Sounds Estudio Profissional Flash,new,MLB38267,Câmeras e Acessórios,402632619,PSAUTOEACESSORIOS,,57.99,150,False,False,São Paulo,Regente Feijó
MLB3766005963,Câmera Instantânea Fujifilm Instax Mini 12 Azul Pastel Azul Celeste,new,MLB1985,Câmeras e Acessórios,14933621,TNTINFOLOJA.COM.BR,,409.9,1,False,True,São Paulo,Campinas
MLB3779720005,Microscópio Tela Hd 4.3 Digital Vedo 1000x Usb Portátil Led,new,MLB4064,Câmeras e Acessórios,411621355,AIKINO BR,,199,200,False,True,São Paulo,Guarulhos
MLB3696596091,Hélice Para Drone Lyzrc Reposição L900 Pro Se Cor Kit X 9 Unidades,new,MLB271296,Câmeras e Acessórios,754255841,ADVENTURE TURING,,32.56,50,False,False,São Paulo,Paraguaçu Paulista
MLB3885022505,Ringlinght Led Luz Flash Estudio Profissional Com Tripe 210m,new,MLB38267,Câmeras e Acessórios,1691908775,HYW_ELETRONICOS,,42.64,500,False,False,São Paulo,São Paulo
MLB2759210549,Tripé Banner 2.10m Regulável Aluminio Porta Banner Pedestal,new,MLB103465,Câmeras e Acessórios,397402949,SMART_QUALITY,64.9,48.45,500,False,False,São Paulo,São Paulo
MLB3643879113,Câmera Analógica Descartável Kodak Suc Daylight 39 800 Iso Cor Amarelo,new,MLB1985,Câmeras e Acessórios,1719503200,ACMU20240308160157,,192,50,False,True,São Paulo,São Paulo
MLB4199268690,Cartão Micro Sd 32gb 16tbw Intelbras,new,MLB4893,Câmeras e Acessórios,466846091,KZX TELECOM,66.9,48.15,500,False,False,São Paulo,Guarulhos
MLB3914119595,Volkswagen Gol 1.0,used,MLB1744,"Carros, Motos e Outros",144773339,DOISIRMAOS VEICULOS,,27500,1,False,False,São Paulo,Guarulhos
MLB3914226575,Kia Sportage /  Ex2 Offg4,used,MLB1744,"Carros, Motos e Outros",144773339,DOISIRMAOS VEICULOS,,88000,1,False,False,São Paulo,Guarulhos
MLB3913296425,Nissan Versa 1.6 16v Sl Aut. 4p,used,MLB1744,"Carros, Motos e Outros",139402115,WALTHERSCOLFARO,,62800,1,False,False,São Paulo,Campinas
MLB5186978796,Audi Q3 1.4 Tfsi Ambition S-tronic 5p,used,MLB1744,"Carros, Motos e Outros",579129577,PEMA4884649,,94000,1,False,False,Minas Gerais,Belo Horizonte
MLB5188699436,Audi Q3 2.0 Tfsi Ambiente Quattro 4p Gasolina S Tronic,used,MLB1744,"Carros, Motos e Outros",318599811,CARFLIX,,87500,1,False,False,São Paulo,São Paulo Zona Sul
MLB3914178821,Jeep Renegade 1.8 Longitude Flex Aut. 5p,used,MLB1744,"Carros, Motos e Outros",126840749,ANDERSONALVES232,,75000,1,False,False,Rio de Janeiro,Maricá
MLB5187293646,Land Rover Discovery Sport 2.0 Td4 Hse 5p (br),used,MLB1744,"Carros, Motos e Outros",156449500,CAAL2456385,,140000,1,False,False,Paraná,Curitiba
MLB5188875014,Fiat Cronos 1.8 Precision Flex Automático 2019,used,MLB1744,"Carros, Motos e Outros",115679989,FIAT VENTUNO_CEASA,,69890,1,False,False,São Paulo,São Paulo Zona Oeste
MLB5189423590,Hyundai Hb20 1.0 Comfort 2015,used,MLB1744,"Carros, Motos e Outros",1133183397,AUTOVERISSIMO MULTIMARCAS,,46490,1,False,False,São Paulo,São Paulo Zona Norte
MLB3914207805,Jeep Compass 2.0 Sport Flex Aut. 5p,used,MLB1744,"Carros, Motos e Outros",431299977,GASABLONE,,85000,1,False,False,São Paulo,São Paulo Zona Leste
MLB5188766362,Jeep Compass 2.0 Sport Flex Aut. 5p,used,MLB1744,"Carros, Motos e Outros",296512205,ROGRIOLANG,,93900,1,False,False,São Paulo,São Paulo Zona Leste
MLB5189191442,Kia Sportage 2.0 Ex 4x2 16v Flex 4p Automático,used,MLB1744,"Carros, Motos e Outros",318599811,CARFLIX,,81900,1,False,False,São Paulo,São Paulo Zona Sul
MLB5188687066,Ford Ka 1.5 Ti-vct Flex Se Plus Automático,used,MLB1744,"Carros, Motos e Outros",318599811,CARFLIX,,60500,1,False,False,São Paulo,São Paulo Zona Sul
MLB5188725274,Hyundai Creta 1.6 16v Flex Attitude Automático,used,MLB1744,"Carros, Motos e Outros",318599811,CARFLIX,,83500,1,False,False,São Paulo,São Paulo Zona Sul
MLB3913404825,Toyota Hilux Sw4,used,MLB1744,"Carros, Motos e Outros",1098661789,SIGACOMERCIODEVECULOSLTDA,,110900,1,False,False,São Paulo,Osasco
MLB5183693524,Onix Lt 1.0 Flex. Mecânico 2015 Baixo Km,used,MLB1744,"Carros, Motos e Outros",1017935410,I.R CAR,,43890,1,False,False,São Paulo,São Paulo Zona Leste
MLB5184991352,Hyundai Santa Fe Gasolina Automático,used,MLB1744,"Carros, Motos e Outros",1372352081,ZZMOTORSLTDA97279,,94900,1,False,False,São Paulo,São Paulo Zona Leste
MLB5187077602,Ford Ecosport 1.5 Tivct Flex Freestyle Automático,used,MLB1744,"Carros, Motos e Outros",669916378,VINYCARAUTOMOVEISEIRELIVINYC,,57900,1,False,False,Rio de Janeiro,Duque de Caxias
MLB3914601523,Volkswagen Fox 1.6 Vht Total Flex 5p,used,MLB1744,"Carros, Motos e Outros",261728512,YOKOHAMAVEICULOS,,33990,1,False,False,São Paulo,São Paulo Zona Leste
MLB5183173052,Jeep Renegade 1.8 16v Flex Longitude 4p Automático,used,MLB1744,"Carros, Motos e Outros",454674993,AUTOMOVEISAG,,75900,1,False,False,Minas Gerais,Belo Horizonte
MLB3913641365,Jeep Renegade 1.8 16v Flex Longitude 4p Automático,used,MLB1744,"Carros, Motos e Outros",149791161,ACCARMULTIMARCAS,,75900,1,False,False,São Paulo,Guarulhos
MLB3912114563,Fiat 500,used,MLB1744,"Carros, Motos e Outros",449546149,@449546149,,37500,1,False,False,Goiás,Goiânia
MLB5188708312,Fiat Palio 1.4 Mpi Attractive 8v Flex 4p Manual,used,MLB1744,"Carros, Motos e Outros",134120584,VIA.MOTORS,,35900,1,False,False,São Paulo,São Paulo Zona Leste
MLB5187346296,Volkswagen Jetta 2.0 Flex Ano 2011/2012,used,MLB1744,"Carros, Motos e Outros",1787355126,MSAUTOMOVEISS,,54890,1,False,False,São Paulo,São Paulo Zona Sul
MLB5185020058,Fox 1.6 Msi Trendline Flex 2017,used,MLB1744,"Carros, Motos e Outros",1394803659,GOMIDEVEICULOSLTDA,,49900,1,False,False,São Paulo,São Paulo Zona Norte
MLB3913120659,Mercedes-benz Classe A 250 2.0 Tb Launch Edition 2018/20...,used,MLB1744,"Carros, Motos e Outros",540571204,X5 MOTORS,,199990,1,False,False,São Paulo,Indaiatuba
MLB5184688340,Jeep Compass Flex Top De Linha Ac Troca E Finan Sem Entrada,used,MLB1744,"Carros, Motos e Outros",1664214114,MDSMOTORS,,97900,1,False,False,São Paulo,São Paulo Zona Norte
MLB3905672297,Chevrolet Onix Ltz Plus 1.0 Automatico,used,MLB1744,"Carros, Motos e Outros",1838011144,CV20240531104911,,69900,1,False,False,São Paulo,São Paulo Zona Norte
MLB3911858573,Volkswagen Voyage 1.6 Msi Total Flex 4p,used,MLB1744,"Carros, Motos e Outros",771837508,TEDESCO-AUTOS,,54990,1,False,False,São Paulo,Taubaté
MLB5189199506,Kicks 1.6 16v Flexstart S 4p Xtronic,used,MLB1744,"Carros, Motos e Outros",233975108,CARRERA MORUMBI,,72900,1,False,False,São Paulo,São Paulo
MLB3914470519,Kwid 1.0 12v Sce Flex Zen Manual,used,MLB1744,"Carros, Motos e Outros",233975108,CARRERA MORUMBI,,39990,1,False,False,São Paulo,São Paulo
MLB5189190036,2008 1.6 16v Flex Allure 4p Automático,used,MLB1744,"Carros, Motos e Outros",242978271,VOL NI,,59900,1,False,False,São Paulo,São Paulo
MLB5183716850,Audi/q3 1.4 Tfsi 2017/2017 ,used,MLB1744,"Carros, Motos e Outros",1076759377,JBMOTORSLTDAJBMOTORSLTDA,,89990,1,False,False,São Paulo,São Paulo Zona Leste
MLB5182910236,C3 1.2 Ptech Tendance 2017,used,MLB1744,"Carros, Motos e Outros",182258852,CRISCAR MOTORS,,45990,1,False,False,São Paulo,Sorocaba
MLB3913255055,Honda Hr-v Exl 2018,used,MLB1744,"Carros, Motos e Outros",128854343,TRINDADEALEX64,,95990,1,False,False,São Paulo,Suzano
MLB3902945673,Audi Q5 S-line 2.0 Tfsi Quattro S-tronic 2019/2020,used,MLB1744,"Carros, Motos e Outros",180698052,AUTO LAND,,189900,1,False,False,São Paulo,São Paulo Zona Sul
MLB3906867031,Renault Captur Zen 1.6,used,MLB1744,"Carros, Motos e Outros",1132990346,VENDEMAISVECULOSSOCIEDASE,,66900,1,False,False,São Paulo,Carapicuíba
MLB3914172387,Honda Hr-v 1.8 16v Flex Ex 4p Automático,used,MLB1744,"Carros, Motos e Outros",1222900138,BRUCARBRUCAR20221022104119,,91800,1,False,False,São Paulo,Sorocaba
MLB3910733205,Fiesta,used,MLB1744,"Carros, Motos e Outros",1898087610,KAIROSMULTIMARCAS79,,25900,1,False,False,São Paulo,Diadema
MLB5183218356,Duster,used,MLB1744,"Carros, Motos e Outros",46114858,RTSILVA3,,55000,1,False,False,São Paulo,São Paulo Zona Sul
MLB3913989533,Nissan Kicks 1.6 16v Flexstart S 4p Xtronic 2017/2018,used,MLB1744,"Carros, Motos e Outros",425676680,START GARAGE,,79990,1,False,False,São Paulo,Santo André
MLB3911455185,T-cross 1.0 200 Tsi Total Flex Sense Automático,used,MLB1744,"Carros, Motos e Outros",704408502,CARRERA BARRAFUNDA,,89990,1,False,False,São Paulo,São Paulo
MLB5187037672,Honda Hr-v Ex 1.8  Flex Automático Com Bancos De Couro,used,MLB1744,"Carros, Motos e Outros",176082015,AUTO GERACAO,,92900,1,False,False,São Paulo,São Paulo Zona Norte
MLB3910296857,Volkswagen Fox Run 1.6,used,MLB1744,"Carros, Motos e Outros",12567048,MMENZEL,,52800,1,False,False,São Paulo,São Paulo Zona Oeste
MLB5181753660,Cross Up 1.0 Tsi 12v Flex 4p Manual,used,MLB1744,"Carros, Motos e Outros",1361843577,CHAILCHAIL20230511134026,,54900,1,False,False,São Paulo,Catanduva
MLB3910695807,Cross Up 1.0 Tsi 12v Flex 4p Manual,used,MLB1744,"Carros, Motos e Outros",1413847158,CHAILCHAIL20230703113846,,54900,1,False,False,São Paulo,Votuporanga
MLB3910483379,Logan 1.0 12v Sce Flex Authentique Manual,used,MLB1744,"Carros, Motos e Outros",233975108,CARRERA MORUMBI,,40000,1,False,False,São Paulo,São Paulo
MLB5181235122,Compass 2.0 16v Diesel Night Eagle 4x4 Automático,used,MLB1744,"Carros, Motos e Outros",172841355,CARRERAGM ALPHAVILLE,,105870,1,False,False,São Paulo,Barueri
MLB5181163240,Tracker 1.4 16v Turbo Flex Midnight Automático,used,MLB1744,"Carros, Motos e Outros",172841355,CARRERAGM ALPHAVILLE,,89870,1,False,False,São Paulo,Barueri
MLB5187202046,Creta Attitude 1.6 Flex 2019 Automático,used,MLB1744,"Carros, Motos e Outros",1360593458,NNATANCARSVEICULOLTDA03466,,82900,1,False,False,São Paulo,São Paulo Zona Leste
MLB2897439288,"Advanced Detergente Em Pó Para Lava Louças 1kg, Finish",new,MLB191465,"Casa, Móveis e Decoração",480265022,Mercado Livre Brasil,64.9,38.69,5000,False,False,São Paulo,Cajamar
MLB3390874225,Violeds Viosys Mosclean Mqhn12 Armadilha Para Mosquito Ultravioleta,new,MLB122100,"Casa, Móveis e Decoração",160450522,REDE_DE_COMPRAS,493.85,409.9,500,False,True,São Paulo,Campinas
MLB3599496849,Odorizador Para Roupas Finisherfresh Bouquet Spartan 1l,new,MLB269513,"Casa, Móveis e Decoração",649459069,DRYKONSISTEMASDEHIGIENE,46,27.6,1,False,False,São Paulo,Sorocaba
MLB3500865809,"Brinox Pressure Panela De Pressão Revestimento Cerâmica Indução 4,2l Cor Vanilla",new,MLB107501,"Casa, Móveis e Decoração",1150153724,MIMORADA.,436.99,279.9,500,False,True,São Paulo,São Paulo
MLB3690848719,Apoio Apoiador Ergonômico Para Os Pes Multivisão Em Mdf,new,MLB277360,"Casa, Móveis e Decoração",317390047,MAXXNASUACASA,77.95,46.77,500,False,False,São Paulo,São Paulo
MLB3454885753,Kit 2 Travesseiros Select Luxo Fibra Antialérgica 70cm E 50cm Branco,new,MLB1611,"Casa, Móveis e Decoração",556579070,TRP_IMPORTS,78.87,68.61,5000,False,False,São Paulo,Tietê
MLB4856576850,Jogo De Panelas Tramontina Turim 7 Peças Em Alumínio Com Revestimento Antiaderente Vermelho,new,MLB107564,"Casa, Móveis e Decoração",255200800,CASADASSERRASOFICIAL,379.9,273.52,150,False,True,São Paulo,Itapevi
MLB4522874200,4 Rodinhas Silicone Rodizio De Gel Giratorio Com Trava 50mm Rodas Única,new,MLB235593,"Casa, Móveis e Decoração",77932982,CASANASCIMENTO,,25.79,1,False,False,São Paulo,Guarulhos
MLB4926952332,Sapateira Cinza Armário Organizador Dobrável 9 Prateleiras Cor Preto,new,MLB186268,"Casa, Móveis e Decoração",1699000677,ATMINI,,94.54,500,False,True,São Paulo,São Paulo
MLB3872281717,Cômoda Premium 5 Gavetas Neve - Tcil Móveis Cor Branco,new,MLB186273,"Casa, Móveis e Decoração",706516872,KITELETRO,509,429,50,False,True,Espírito Santo,Serra
MLB3449816075,Kit 12 Utensílios De Cozinha Em Silicone E Cabo De Madeira,new,MLB277448,"Casa, Móveis e Decoração",292362590,ISCALI COMERCIO,40.9,35.99,5000,False,False,São Paulo,Osasco
MLB3739382853,Mesa Em L Industrial Escrivaninha De Canto Nórdico Vintage Ferro E Madeira Laminado Com Preto E-led Meslmagn E-led Brasil 150x74x45,new,MLB193946,"Casa, Móveis e Decoração",1766228899,PAPA20240412111821,499.99,199.99,5000,False,True,São Paulo,Diadema
MLB5097771188,Jogo De Panelas Brinox Antiaderente Ceramic Life Smart Plus Com Indução Granito - 5 Peças,new,MLB107564,"Casa, Móveis e Decoração",1112436578,SHOPGRA,459.99,390.99,1,False,True,São Paulo,Cotia
MLB4536957492,Apoio Para Pés Ergonômico Multivisão Apoio-pr Apoiador Com Regulagem Escritório ,new,MLB277360,"Casa, Móveis e Decoração",1420003102,ELETRO .COM,53,45.6,250,False,False,São Paulo,São Paulo
MLB5185954138,Câmera De Segurança Rezzet Lâmpada Ip Wifi Com Visão Noturna Interna Externa App Yoosee Espiã 360º Cor Branco,new,MLB7073,"Casa, Móveis e Decoração",256258529,ALPHA ELETRONIC,64.9,54.21,500,False,False,São Paulo,Jundiaí
MLB3856075545,Jogo De Panelas Tramontina Turim Em Alumínio Com Revestimento Interno E Externo Em Antiaderente Starflon Max Preto 10 Peças,new,MLB107564,"Casa, Móveis e Decoração",1112436578,SHOPGRA,342.99,269.99,1,False,True,São Paulo,Cotia
MLB3816988723,Sapateira Rack Organizador Porta Sapatos Sandália Tênis Cor Preto,new,MLB436427,"Casa, Móveis e Decoração",671050616,FARIASUTILIDADES,,59.9,1,False,False,Bahia,Salvador
MLB3837359391,Camera Jgl P11 Wifi Segurança 6 Mp 4k Lente Dupla Zoom Vigilância Cor Preto,new,MLB7073,"Casa, Móveis e Decoração",1841314073,BATA165431354,275,165,5000,False,True,São Paulo,São Paulo
MLB3546941703,3 Mt Veda Fresta Porta Agua Bicho Pó Transparente 4cm Altura Vedação De Frestas,new,MLB272159,"Casa, Móveis e Decoração",206088909,JRO COMERCIO-IMPORTAÇÃO,,39,1,False,False,São Paulo,Apiaí
MLB5017408736,Pano De Chão Kit 10 Sacos Alvejados Cor Branco,new,MLB269712,"Casa, Móveis e Decoração",1602982517,ALASCOMERCIAL,,20.01,100,False,False,São Paulo,Votuporanga
MLB3689574433,5 Rodinhas Rodízio Cadeira Escritório Giratória Anti Risco,new,MLB235593,"Casa, Móveis e Decoração",310458346,BOGU STORE,,23.42,500,False,False,São Paulo,Guarulhos
MLB3369802499,Sabão Liquido Omo Pro Lavanderia Profissional 7 L,new,MLB436132,"Casa, Móveis e Decoração",480265022,Mercado Livre Brasil,137.63,68.31,5000,False,False,São Paulo,Cajamar
MLB4803769824,Espanador De Po Pena Peru 42 Cm Cabo Espanadores Para Limpar Limpeza De Casa Profissional Floresta Urbana,new,MLB264064,"Casa, Móveis e Decoração",278092907,FLORESTASHOP,25.99,19.23,250,False,False,São Paulo,Hortolândia
MLB5161542384, Quarta Divisão Móveis Sapateira Safira 4p Cor Marrom,new,MLB186268,"Casa, Móveis e Decoração",831408460,MARP_MOVEIS,,269,500,False,True,São Paulo,Tanabi
MLB3901636739,Rendee Plastic Saco De Lixo Resistente 100l 100 Unidades,new,MLB264062,"Casa, Móveis e Decoração",582715635,BAST ECOM,44.97,39.12,50,False,False,São Paulo,Caraguatatuba
MLB3527157743,Tramontina Hera 34l Aço Inoxidável 304 Acetinado 50cm E 40cm Outlet 94900275,new,MLB454694,"Casa, Móveis e Decoração",539777025,SUPREMEINOX TRAMONTINA,,372,50,False,True,Rio Grande do Sul,Novo Hamburgo
MLB3705517687,Desinfetante Lavanda Sanol 5 Litros,new,MLB270046,"Casa, Móveis e Decoração",1643069927,DISTRIBUIDORAOITO,,13.59,200,False,False,São Paulo,São Bernardo do Campo
MLB3887370416,Mesa Tabua De Passar Roupa Tecido Térmico,new,MLB186660,"Casa, Móveis e Decoração",543409610,LOJAO-DA-VO-CLEIDE,112.5,78.75,1,False,False,São Paulo,Bady Bassitt
MLB3870255438,Apoio De Pé Ajustável Ergonômico E Antiderrapante Preto,new,MLB277360,"Casa, Móveis e Decoração",471851804,CADECORE,67.9,58.39,200,False,False,São Paulo,Franca
MLB3607711185,Tirar Água De Galão Sem Virar Bomba Elétrica 5 10 E 20 Litro Cor Preto/branco,new,MLB251196,"Casa, Móveis e Decoração",1083010080,CIEVARIEDADES,22.99,17.99,250,False,False,São Paulo,Hortolândia
MLB5000756462,Kit 4 Rodizio Silicone Rodinha 50mm Com Trava Freio,new,MLB235593,"Casa, Móveis e Decoração",441734569,MIXSO.COM.BR,,25.92,250,False,False,São Paulo,São Paulo
MLB5031631846,Sapateira Organizador Porta Sapatos 12 Pares Com 8 Ganchos Wishlistbr Cor Preto,new,MLB186268,"Casa, Móveis e Decoração",571954063,NUVIMULTI,,82.2,500,False,True,São Paulo,São Paulo
MLB3895726063,Pote Com Trava Micro E Freezer 750ml Kit C/12u Reutilizável Cor Transparente Ercaplast,new,MLB244658,"Casa, Móveis e Decoração",1648222911,ROANFULL,,41.95,1,False,False,São Paulo,Campinas
MLB3218229809,Água Sanitária Super Candida 5l,new,MLB191460,"Casa, Móveis e Decoração",1188362425,GRUPO_CARREFOUR_MERCADO,15.8,14.29,5000,False,False,São Paulo,Cajamar
MLB3297508520,Esponja Esponflora Multiuso Dupla Face De Espuma De Poliuretano 10 U Pacote X 10,new,MLB263865,"Casa, Móveis e Decoração",538794330,NAPOLI_DESCARTAVEIS,11.2,8.06,200,False,False,São Paulo,Cordeirópolis
MLB3605292923,Proteção Rodinho Porta Janela Veda  Insetos  4 Cm X 2 Metros Cor Transparente,new,MLB272159,"Casa, Móveis e Decoração",206088909,JRO COMERCIO-IMPORTAÇÃO,,29,100,False,False,São Paulo,Apiaí
MLB3452681373,Comfort Pro Amaciante Lavanderia Original 7l ,new,MLB191464,"Casa, Móveis e Decoração",480265022,Mercado Livre Brasil,57.96,57.2,1,False,False,São Paulo,Cajamar
MLB3642773979,Jogo Talheres Faqueiro Búzios Aço Inox 24 Peças Tramontina,new,MLB194029,"Casa, Móveis e Decoração",1484969283,TUDUSTORE,109.99,65.99,250,False,False,São Paulo,São Paulo
MLB3802786957,Sapateira De Tecido Organizador Multiuso Com 9 Prateleiras Cor Preto,new,MLB186268,"Casa, Móveis e Decoração",419048491,JS.BOUTIQUE,139.99,96.59,1,False,True,São Paulo,São Paulo
MLB3795317377,Detergente Ypê Neutro 5l,new,MLB191465,"Casa, Móveis e Decoração",1882913622,YPE,32.99,23.42,500,False,False,São Paulo,Amparo
MLB4356750766,Kit 5 Rodinha Para Cadeira De Escritório Squadroni Sq91 Hga Preto Rd Gel,new,MLB235593,"Casa, Móveis e Decoração",299879655,LOJADORODIZIO,,39.64,1,False,False,São Paulo,Mauá
MLB3862098815,Controle Remoto Tx 3tb Nice,new,MLB270238,"Casa, Móveis e Decoração",1005204326,KURTMATERIAIS,31.1,26.68,200,False,False,São Paulo,Poá
MLB4995498162,Pinça Culinária Profissional Com Serrilha Reta 30cm Weck,new,MLB270245,"Casa, Móveis e Decoração",1029145418,EQUIPAFÁCIL,44.34,35.9,50,False,False,Santa Catarina,Balneário Camboriú
MLB3800077369,Kit 4 Rodinha Rodízio Roda Reforçada Giratória 3 Polegadas Com Rolamento E Freio Duplo ,new,MLB235593,"Casa, Móveis e Decoração",630276729,SHOP-FLEX,135.99,124.09,150,False,True,São Paulo,São Carlos
MLB5083008120,Semorin Combo Sem Manchas Para Os Tipos De Roupas,new,MLB191461,"Casa, Móveis e Decoração",483502271,PEGLIMPE,,33.5,1,False,False,São Paulo,Jundiaí
MLB4464729568, Poliflor Lustra Móveis Lavanda Frasco 500ml,new,MLB191462,"Casa, Móveis e Decoração",1188362425,GRUPO_CARREFOUR_MERCADO,23.99,16.3,150,False,False,São Paulo,Cajamar
MLB3907894151,Gabinete P/ Áreas Externas Porta Produtos De Limpeza,new,MLB186714,"Casa, Móveis e Decoração",417676781,CLICK FORTE,,232,500,False,True,São Paulo,São Bernardo do Campo
MLB5174059674,Abridor De Latas E Garrafas 9 Cm Inox - 121003,new,MLB268438,"Casa, Móveis e Decoração",1260125188,48.855.07548.855.0752022121016,,10.31,50,False,False,São Paulo,Guarulhos
MLB3210514549,Tubrax Cbc0010 Cuba Em Aço Inox 50x40cm,new,MLB454694,"Casa, Móveis e Decoração",44278952,TUBRAX,359.9,189.9,500,False,True,Santa Catarina,Garuva
MLB3696932445,"Percarbonato De Sódio 99,9% - Calisul - 2kg",new,MLB277483,"Casa, Móveis e Decoração",361608313,CALISUL,62.2,57.84,500,False,False,Santa Catarina,Lages
MLB4559453352,"Smartphone Motorola Moto G24 128gb 4gb 6,6'' Hd+ Android 14 4g/lite Dual Sim Grafite",new,MLB1055,Celulares e Telefones,85263796,123 COMPROU,1240,725,500,False,True,São Paulo,Guarulhos
MLB5121897756,"Smartphone Samsung Galaxy A15 5g 128gb 4gb Ram Dual Sim Azul Claro 6,5''",new,MLB1055,Celulares e Telefones,1917068106,VIKINGS_DIGITAL,1481.67,899,5000,False,True,São Paulo,São Paulo
MLB4745664048,Samsung Galaxy A15 Dual Sim 5g 256gb Azul-escuro 8gb Ram ,new,MLB1055,Celulares e Telefones,640436496,POST COMMERCE,1799,1029,500,False,True,São Paulo,São Paulo
MLB3339585891,Cabo Rápido Usb Para Tipo- C Baseus Cafule Nylon 3a 1 Metro Cor Preto,new,MLB5080,Celulares e Telefones,1012429966,BASEUS_OFICIAL,42,34.86,500,False,False,São Paulo,São Paulo
MLB3566320613,Smartphone Motorola Moto G34 5g - 256gb 16gb Ram Boost Ai Camera 50mp Nfc - Verde,new,MLB1055,Celulares e Telefones,326016487,MOTOROLA OFICIAL,1529,949,500,False,True,São Paulo,Jaguariúna
MLB3489332809,Motorola Moto G84 5g Dual Sim 256 Gb Viva Magenta 8 Gb Ram,new,MLB1055,Celulares e Telefones,1399490865,MOBCOMSTORE_FULL,1688.5,1476.14,250,False,True,Minas Gerais,Extrema
MLB2007974819,Tim Chip,new,MLB270052,Celulares e Telefones,816400439,LOJA_TIM_OFICIAL,12.99,10.65,500,False,False,São Paulo,São Paulo
MLB3518920391,Apple iPhone 14 Plus (128 Gb) - Estelar - Distribuidor Autorizado,new,MLB1055,Celulares e Telefones,480263032,Mercado Livre Eletronicos,5333.2,4554.44,5000,False,True,São Paulo,Cajamar
MLB3893289321,Samsung Galaxy A55 5g Dual Sim 128 Gb Azul-escuro 8 Gb Ram,new,MLB1055,Celulares e Telefones,640436496,POST COMMERCE,2899,1820,250,False,True,São Paulo,São Paulo
MLB3893308991,"Smartphone Samsung Galaxy A55 5g 128gb 8gb Ram Tela 6,6 Câmera Tripla 50mp Frontal 32mp Rosa",new,MLB1055,Celulares e Telefones,640436496,POST COMMERCE,2999,1849,1,False,True,São Paulo,São Paulo
MLB5093017812,Indestrutível Doogee S41 Max 16ram Gb256 Nfc À Prova D'água Cor Verde,new,MLB5095,Celulares e Telefones,1464480845,FARIASCOMERCIOVAREJISTA,,1771,50,False,True,São Paulo,Piracicaba
MLB3892501097,Samsung Galaxy A15 4g Dual Sim 128 Gb Azul-claro 4 Gb Ram,new,MLB1055,Celulares e Telefones,228145111,TOKIO STORE,1699,814,50,False,True,Espírito Santo,Serra
MLB3683512465,Smartphone Motorola Moto G04s 128gb Grafite 4 Gb Ram,new,MLB1055,Celulares e Telefones,480263032,Mercado Livre Eletronicos,899,721,5000,False,True,São Paulo,Cajamar
MLB3303240037,Samsung Galaxy S23 256 Gb 5g Preto 8 Gb Ram ,new,MLB1055,Celulares e Telefones,480263032,Mercado Livre Eletronicos,4199,3377.63,5000,False,True,São Paulo,Cajamar
MLB3672022713,Samsung Smartwatch Galaxy Fit3 Grafite,new,MLB135384,Celulares e Telefones,228145111,TOKIO STORE,329,289.52,50,False,True,Espírito Santo,Serra
MLB4433635074,"Smartphone Motorola Moto G34 5g 4 128gb Gb Ram Dual Sim Android Azul Tela Hd+ 6,5''",new,MLB1055,Celulares e Telefones,480263032,Mercado Livre Eletronicos,1299,816,500,False,True,São Paulo,Cajamar
MLB3522910053,Adaptador Lightning Leitor Cartão Sd Tf iPhone 11 X 8 iPad.,new,MLB72432,Celulares e Telefones,1203297660,CORREIASINEVAL20220922144129,,33.9,500,False,False,São Paulo,Atibaia
MLB5008835776,"Samsung Galaxy A05s 128gb Dual Sim Tela Infinita De 6,7'' Cor Prata 6gb Ram",new,MLB1055,Celulares e Telefones,480263032,Mercado Livre Eletronicos,999,857.75,500,False,True,São Paulo,Cajamar
MLB3495868777,Smartphone Motorola Moto G54 5g 256 Gb Verde 8 Gb Ram,new,MLB1055,Celulares e Telefones,480263032,Mercado Livre Eletronicos,1699,1157,5000,False,True,São Paulo,Cajamar
MLB3864838257,Samsung Galaxy A35 5g Dual Sim 256gb Azul Escuro 8 Gb Ram,new,MLB1055,Celulares e Telefones,1917068106,VIKINGS_DIGITAL,2581.67,1709,500,False,True,São Paulo,São Paulo
MLB4659941950,Samsung Galaxy A15 4g Dual Sim 256gb Verde Claro 8gb Ram ,new,MLB1055,Celulares e Telefones,85263796,123 COMPROU,1375.36,1099,500,False,True,São Paulo,Guarulhos
MLB3519050915,Adaptador Conector Tipo C Para Usb 3.0 Conversor Usb - C Cor Preto,new,MLB7466,Celulares e Telefones,1120551476,MIXSTORE RP,16.9,10.14,250,False,False,São Paulo,Ribeirão Preto
MLB3582540395,Apple iPhone 13 (128 Gb) - Estelar - Distribuidor Autorizado,new,MLB1055,Celulares e Telefones,480263032,Mercado Livre Eletronicos,7599,3889.32,500,False,True,São Paulo,Cajamar
MLB3817306339,Smartphone Moto G85 5g - 256gb 16gb Ram Boost 50mp Sony Ai Camera Tela Infinita Poled Nfc - Azul,new,MLB1055,Celulares e Telefones,480263032,Mercado Livre Eletronicos,2299,1788,5000,False,True,São Paulo,Cajamar
MLB4408548448,Apple iPhone 15 (128 Gb) - Preto - Distribuidor Autorizado,new,MLB1055,Celulares e Telefones,480263032,Mercado Livre Eletronicos,,5134.3,500,False,True,São Paulo,Cajamar
MLB3636142157,Plus Do Brasil Carregador Turbo Tipo C Para Samsung Motorola Xiaomi LG Apple iPhone 15 16 - Com Cabo Blindado Premium Fabricado No Brasil,new,MLB430121,Celulares e Telefones,107759971,WD6,,45.89,500,False,False,Minas Gerais,Poços de Caldas
MLB3555298458,Samsung Galaxy S23 Ultra 5g Dual Sim 256 Gb Preto 12 Gb Ram,new,MLB1055,Celulares e Telefones,480263032,Mercado Livre Eletronicos,9499,4899,5000,False,True,São Paulo,Cajamar
MLB3615547375,"Smartphone Samsung Galaxy A25 5g 256gb 8gb Ram Dual Sim Android 14 Azul-escuro 6,5''",new,MLB1055,Celulares e Telefones,85263796,123 COMPROU,2331.66,1478,1,False,True,São Paulo,Guarulhos
MLB3436930873,Kit Par 2 Radio Baofeng 777s Walk Talk Comunicador 16 Canais,new,MLB2907,Celulares e Telefones,594550826,SHOPPING_OUTLET,189.97,113.98,500,False,True,São Paulo,São Paulo
MLB4381812076,Apple iPhone 13 (128 Gb) Meia-noite - Distribuidor Autorizado,new,MLB1055,Celulares e Telefones,480263032,Mercado Livre Eletronicos,6729,3878.58,500,False,True,São Paulo,Cajamar
MLB4433686558,Motorola Moto G34 5g 128 Gb Preto 4 Gb Ram,new,MLB1055,Celulares e Telefones,480263032,Mercado Livre Eletronicos,1299,816,5000,False,True,São Paulo,Cajamar
MLB3911545951,Carregador Turbo P/ iPhone 8 Plus X Xr 11 12 13 14 Pro Max Cor Branco,new,MLB430121,Celulares e Telefones,621752819,X-ALM,89.9,79.11,100,False,True,São Paulo,São Paulo
MLB3646581271,Xiaomi Pocophone Poco X6 Pro 5g Dual Sim 512 Gb Cinza Escuro 12 Gb Ram,new,MLB1055,Celulares e Telefones,796978791,ORIGINALTENOX,,2349,1,False,True,São Paulo,Presidente Prudente
MLB3496291609,Motorola Moto G84 5g 256 Gb Grafite 8 Gb Ram,new,MLB1055,Celulares e Telefones,480263032,Mercado Livre Eletronicos,1999,1452.27,500,False,True,São Paulo,Cajamar
MLB3875720823,Xiaomi Poco Poco X6 5g Dual Sim 256 Gb Preto 8 Gb Ram,new,MLB1055,Celulares e Telefones,771360381,VENDASBESTSHOP,,1629,1,False,True,São Paulo,Presidente Prudente
MLB4161360638,Suporte De Silicone Com Ventosa Para Celular Para Superfície,new,MLB433727,Celulares e Telefones,155428638,GAVVIRTUALSTORE,24.9,13.19,500,False,False,Santa Catarina,Palhoça
MLB4225764570,Samsung Galaxy S23 Fe 5g Dual Sim 128 Gb Verde 8 Gb Ram,new,MLB1055,Celulares e Telefones,480263032,Mercado Livre Eletronicos,3999,2649.03,500,False,True,São Paulo,Cajamar
MLB3802533601,Multilaser G Max 2 (8 Mpx) Dual Sim 32 Gb Preto 2 Gb Ram,new,MLB1055,Celulares e Telefones,412008939,LOJA MMPLACE,499.99,399.99,150,False,True,Minas Gerais,Extrema
MLB3650234489,"Smartphone Motorola Moto G24 Power - 128gb, 4 Gb Ram + 4 Gb Ram Boost, Camera 50mp Com Moto Ai 6000 Mah - Azul Celeste",new,MLB1055,Celulares e Telefones,326016487,MOTOROLA OFICIAL,944,717,250,False,True,São Paulo,Jaguariúna
MLB3845108405,Kit Chave De Precisão 115 Peças Celular iPhone Notebook Pc,new,MLB180244,Celulares e Telefones,35316524,MAMUTY-MODAS-CALÇADOS,59.99,35.99,500,False,False,São Paulo,Mauá
MLB3906578637,Samsung Galaxy A05 Dual Sim 128 Gb Preto 4 Gb Ram,new,MLB1055,Celulares e Telefones,518226649,ELETRO2U,999,749,150,False,True,Espírito Santo,Vila Velha
MLB3482471673,Gradiente Gsm Vibe.205p Dualsim Tela 2.4   - Preto,new,MLB1055,Celulares e Telefones,713208290,YANNIS_SHOP,179.9,141.34,50,False,True,Minas Gerais,Extrema
MLB3544909499,Baseus Carregador De Parede Turbo 20w Tipo-c + Cabo iPhone,new,MLB430121,Celulares e Telefones,1012429966,BASEUS_OFICIAL,149,129.63,100,False,True,São Paulo,São Paulo
MLB3870875593,Xiaomi Redmi 13c Dual Sim 128 Gb Glacier White 4 Gb Ram,new,MLB1055,Celulares e Telefones,1242292200,OTECNICOCELL,,763,1,False,True,São Paulo,Votuporanga
MLB5157013042,Celular Flip Lenoxx Cx-908 Dual Sim 32 Mb Preto,new,MLB1055,Celulares e Telefones,1185775029,ISMAFER_FERRAMENTAS_1185775029,136.25,106.9,5000,False,True,Minas Gerais,Extrema
MLB3832433881,Redmi Note 13 4g Dual Sim 256gb Preto 8 Gb Ram,new,MLB1055,Celulares e Telefones,1717492036,TEM_DE_TUDO_LTDA,1610,1118,1,False,True,São Paulo,Carapicuíba
MLB3754152595,Plus Do Brasil Carregador Super Rápido 25w Para Samsung Galaxy S24 S23 S21 S20 Fe Plus Ultra - Super Fast Cabo Blindado Tipo Usb C - Premium  Fabricado No Brasil,new,MLB430121,Celulares e Telefones,107759971,WD6,,59.4,500,False,False,Minas Gerais,Poços de Caldas
MLB5113461932,Celular Xiaomi Redmi Note 13 8gb/256gb Ice Blue,new,MLB1055,Celulares e Telefones,214995266,STORYCELL,1610,1120,1,False,True,São Paulo,Cotia
MLB5133340860,Xiaomi Redmi 13c Dual Sim 128 Gb Midnight Black 4gb Ram,new,MLB1055,Celulares e Telefones,1960913702,RC20240823182208,,739.99,250,False,True,Minas Gerais,Belo Horizonte
MLB5088351656,"Celular Samsung Galaxy A55 5g, Câmera Tripla Até 50mp, Tela 6.6 , 256gb Azul Claro",new,MLB1055,Celulares e Telefones,180445404,HIMALAIA_STORE,,1897,1,False,True,Pernambuco,Jaboatão dos Guararapes
MLB4759405226,Armário Balcão Multimóveis Forno E Microondas Fg4060 Branco Cor Branco Premium,new,MLB439421,Construção,1226388620,MULTIMOVEIS_SP,499,289.42,500,False,True,São Paulo,Barueri
MLB5118461140,Tomada Inteligente Wifi 10a Ekaza Medidor De Consumo Smart Alexa Google Tuya Smart Life 110v 220v Bivolt,new,MLB269930,Construção,1023549224,AZZAX SHOP,49.66,41.71,250,False,False,São Paulo,Santana de Parnaíba
MLB3892551591,Armário De Cozinha Compacta Smart Multimóveis Mp2183 Cor Madeirado/preto,new,MLB439421,Construção,1916810773,MULTIMOVEIS_RS,999.9,499.95,250,False,True,Rio Grande do Sul,Bento Gonçalves
MLB5163714532,Kit Jogo Armário Suspenso Isis Para Cozinha Compacta Completa Com 5 Portas E 1 Gaveta Cor Damasco Off Ms Maciel & Signorini,new,MLB270524,Construção,306651618,MOBILIMOBILI,379,303.2,50,False,True,São Paulo,Fernandópolis
MLB3733806395,Filtro De Linha Iclamper Energia 5 Tomadas Dps Protetor Elétrico Cabo 1 Metro Cor Preto 127v/220v Clamper,new,MLB63114,Construção,812818109,CLAMPER OFICIAL,78.99,59.24,5000,False,False,Minas Gerais,Lagoa Santa
MLB3665671629,Kit 10 Conjunto Tomada Tramontina Aria 4x2 10a Completa,new,MLB269930,Construção,493464218,ELEL.COM.BR,55.76,47.4,250,False,False,São Paulo,Diadema
MLB4944422192,Kit Gabinete E-led Brasil Solo Bianche Industrial Banheiro Armário Espelheira Cuba Puxador Metálico Cobreado Branco Com Cobre,new,MLB186151,Construção,1890853127,AUREA_DECOR,,297,5000,False,True,São Paulo,Diadema
MLB3665886995,Mesa De Jantar Madesa Retangular Tampo De Madeira 52312c Preto,new,MLB4341,Construção,1680980383,MADESA_MOVEIS_SP2,317.64,266.82,200,False,True,São Paulo,Jandira
MLB3856025440,Vaso Sanitário Monobloco Caixa Acoplada Completo - Privada Cor Branco,new,MLB186148,Construção,44278952,TUBRAX,999.9,704.9,5000,False,False,Santa Catarina,Garuva
MLB5181323026,Fruteira Armário Para Cozinha Balcão Para Cafeteira E Forno Cor Preto Nova Decor,new,MLB439421,Construção,417676781,CLICK FORTE,,165,500,False,True,São Paulo,São Bernardo do Campo
MLB4047095396,Transformador 5000va Vm Bivolt 110/220v E 220/110v 12000 Btus Conversor Voltagem,new,MLB30197,Construção,215667649,LOJAVEM,232,199.52,500,False,True,São Paulo,Valinhos
MLB3384414107,"Bomba Submersa Caneta Palito 1/4hp 2,5  Intech Machine Bsca2 Voltagem 127v",new,MLB253382,Construção,234629020,PANDA FERRAMENTAS,618,439.9,500,False,True,São Paulo,Poá
MLB4454984176,Kit 2 Adaptador Tomada Universal Para Viagem Internacional 110v/220v,new,MLB255051,Construção,673766575,PHYIMPORTS,,22.66,500,False,False,São Paulo,São Paulo
MLB5173693622,Itatiaia Rose New Premium Balcão Aço Branco 3 Portas 1 Gaveta Com Tampo,new,MLB270524,Construção,453531051,BELAMAGAZINE LTDA,624.87,459,250,False,True,Espírito Santo,Cariacica
MLB4853728502,Manta Líquida 18kg Branca Quartzolit Weber Quartzolit,new,MLB277663,Construção,1516466200,FASTMOOVE,350,262.5,150,False,True,Rio de Janeiro,Cabo Frio
MLB5099047112,Ducha Higiênica Cromado 1.20m Forte Lar Acabamento Brilhante Cor Prateado,new,MLB269588,Construção,1713102108,FORTEMETAIS,49.9,44.91,500,False,False,Minas Gerais,Contagem
MLB3689380391,Transformador 1500va Bivolt 110-220 / 220-110 Plennus,new,MLB30197,Construção,1542771111,COMERCIOPLENNUS20231110102704,,78.8,1,False,False,Minas Gerais,Santa Rita do Sapucaí
MLB5140078574,Protetor Contra Surto Dps Anti Raio Clamper 275v - 45ka Front V Mini,new,MLB30208,Construção,537427951,CWL DISTRIBUIDORA,,35.41,1,False,False,Espírito Santo,Serra
MLB3666126843,Armário Aéreo 3 Porta Suspenso Nicho Parede Area Lavanderia Cor Branco,new,MLB439421,Construção,1146260470,MDECORATED HOUSE,,178,200,False,True,São Paulo,São Caetano do Sul
MLB5062148064,"Disco Lixa Abralon 150mm Grão P180, 5 Un - Mirka Quantidade De Cascalhos 180",new,MLB236755,Construção,1117374853,BTNEWTINTAS,,113,200,False,True,São Paulo,São Caetano do Sul
MLB5148710224,Corrediça Invisível Amortecedor Ferlock 1df 250mm Cor Unico,new,MLB432105,Construção,1513526177,AGHA_SHOPP,,75.74,1,False,False,Santa Catarina,Bombinhas
MLB3407781741,Relé Fotocélula Bivolt Automático Para Lâmpadas E Refletores,new,MLB434733,Construção,171705929,LOOMARK,,29.48,250,False,False,São Paulo,São Paulo
MLB3892587397,Balcão Multimóveis Multiuso Forno E Microondas Ref. 4060g Cor Preto,new,MLB439421,Construção,1916810773,MULTIMOVEIS_RS,544.99,288.84,500,False,True,Rio Grande do Sul,Bento Gonçalves
MLB3829671002,Vaso Sanitário Monobloco - Caixa Acoplada Completo Privada Cor Branco,new,MLB186148,Construção,44278952,TUBRAX,1089.9,689.7,250,False,False,Santa Catarina,Garuva
MLB4884591022,Torre De Tomada Para Bancada Embutir Retrátil Com 3 Tomadas Cor Cinza,new,MLB269930,Construção,190157921,ALPHA_ÔMEGA,,117,500,False,True,São Paulo,Tietê
MLB3907464251,Jogo Armário De Cozinha Compacto Magazin 90 Com Balcão Multifuncional 5 Portas E 1 Gaveta Multiuso Cor Avelã E Off Ms Maciel & Signorini,new,MLB270524,Construção,306651618,MOBILIMOBILI,389,350.1,1,False,True,São Paulo,Fernandópolis
MLB3751308701,Filtro De Linha Com Dps Iclamper Energia 8 Tomadas Régua Com Tecnologia Lcf,new,MLB63114,Construção,812818109,CLAMPER OFICIAL,129.99,100.09,500,False,True,Minas Gerais,Lagoa Santa
MLB3709323077,Precon 23.019.242 Telha Pvc Plan 2.42x0.88 Ceramica,new,MLB30164,Construção,1014958049,EFÁCIL OFICI,80.73,67.9,500,False,False,Minas Gerais,Uberlândia
MLB4279232958,Kit Armário De Cozinha Magazin Compacto 5 Portas E 1 Gaveta Com Balcão Multifuncional Cor Bianco E Chumbo Ms Maciel & Signorini,new,MLB439421,Construção,339898288,PANORAMA MÓVEIS,428.3,359.77,500,False,False,Espírito Santo,Vitória
MLB4635520536,Torre De Tomada Multiplug Com 3 Tomadas Preto Renna,new,MLB269930,Construção,144578541,BWINX,134.9,111.96,50,False,True,Santa Catarina,Blumenau
MLB3605522847,Exaustor Para Banheiro Ventilador Ventisol 150mm Bivolt,new,MLB271571,Construção,32627270,FECHADURAVIRTUAL,135.99,119.9,1,False,True,Santa Catarina,São José
MLB3900133855,Kit Armário De Cozinha Casa Jd Erva Doce 90 Compacto Com 4 Portas E Bancada Multiuso Cor Freijó Chumbo,new,MLB270524,Construção,306651618,MOBILIMOBILI,399,319.2,5000,False,True,São Paulo,Fernandópolis
MLB5055816340,Timer Temporizador Digital Bivolt 110/220v Programável,new,MLB11958,Construção,178333545,ATOZDISTRIBUIDORA,,38.68,100,False,False,São Paulo,São Paulo
MLB3504003709,Medidor De Energia Supermotoimport Monofásico Geração Consumo 110v/220v ,new,MLB271193,Construção,6437700,BESTSCAN,119.56,105.21,250,False,True,Santa Catarina,Florianópolis
MLB3910388303,Fruteira Tampo Branca P/ Cozinha Para Micro-ondas Cor Black,new,MLB439421,Construção,417676781,CLICK FORTE,,165,500,False,True,São Paulo,São Bernardo do Campo
MLB5021302420,Complete Store Adaptador Tomada Plug Bob Love 10a 20a Até 250v Secador Top 110v/220v,new,MLB255051,Construção,1686605639,VARMIX,,8,50,False,False,São Paulo,São Paulo
MLB3366933943,Vaso Sanitário Monobloco Caixa Acoplada Privada Completo Cor Branco,new,MLB186148,Construção,44278952,TUBRAX,899.9,639.9,500,False,False,Santa Catarina,Garuva
MLB4297425862,"Gabinete De Pia Gemeos 1,50m Cor Branco",new,MLB439421,Construção,407185840,TONIELQUE MOVEIS,429,289.9,150,False,False,São Paulo,Ribeirão Pires
MLB3713960593,Auto Trafo 5000va Bivolt Para Ar Até 18000btus Adtek,new,MLB30197,Construção,1436926023,ADTEKADTEK20230731083810,312,174.72,500,False,True,São Paulo,São Paulo
MLB3788529131,Filtro De Linha Dps Tecnologia Lcf Iclamper Energia 5 Tomada Cor Transparente,new,MLB63114,Construção,812818109,CLAMPER OFICIAL,78.99,59.24,500,False,False,Minas Gerais,Lagoa Santa
MLB3352381729,Kit 2 Adaptador Tomada Universal Para Viagem Internacional,new,MLB255051,Construção,1241092645,AMARODESCONTOSMAGAZINE,,28.9,500,False,False,São Paulo,São Paulo
MLB3664462351,Armario De Parede 5 Portas Preto Filipinas Casa Moderna Movelaria,new,MLB439421,Construção,742752875,MOVELARIABELACASA,413.9,355.95,500,False,True,Paraná,Arapongas
MLB3265494308,Régua Extensão Elétrica 6 Tomada Filtro Linha Bivolt,new,MLB63114,Construção,1113876439,19BR_SHOP,,29.49,500,False,False,São Paulo,Campinas
MLB4047181356,Auto Transformador 3000va V&m Bivolt 9000 Btus 110 Para 220 E 220 Para 110,new,MLB30197,Construção,215667649,LOJAVEM,206.77,177.83,500,False,True,São Paulo,Valinhos
MLB4641802424,Armário Aéreo 3 Porta Suspenso Nicho Parede Area Lavanderia Cor Preto,new,MLB439421,Construção,1146092736,JCC SALES,,175,250,False,True,São Paulo,São Caetano do Sul
MLB5126366190,Kit Mecanismo Universal Caixa Descarga Acoplada Completo,new,MLB269775,Construção,1463271398,GALPÃO B3,,53.99,250,False,False,São Paulo,São Paulo
MLB3806087353,Benjamim T Com 3 Entradas Multiplicador 10a 250v Adaptador 110v/220v 20a Pino Chato Secador Microondas Airfryer Completestore T 3 Saidas 10a,new,MLB255051,Construção,1139380564,SHGGSHGG20220608185509,,8,5000,False,False,São Paulo,São Paulo
MLB4148600506,"Gabinete De Pia Gemeos 1,50m Cor Teka Madrid",new,MLB439421,Construção,407185840,TONIELQUE MOVEIS,429,289.9,150,False,False,São Paulo,Ribeirão Pires
MLB3914043039,Timer Temporizador Digital Bivolt 20 Eventos Liga E Desliga,new,MLB11958,Construção,1234423411,ANJOYCOMERCIO,,30.36,500,False,False,São Paulo,São Paulo
MLB3906936507,Torneira Stillus Home Tor-022 De Cozinha Gourmet Monocomando Aço Inox Escovado,new,MLB439405,Construção,1477295523,JUST.BUY.IT,,280,500,False,True,São Paulo,Guarulhos
MLB4811777844,Fritadeira Elétrica Airfryer Philips Walita hd9202 Grill Edition Sem Óleo 1400w Preta 220v,new,MLB456045,Eletrodomésticos,85263796,123 COMPROU,482.92,289,500,False,True,São Paulo,Guarulhos
MLB3505318929,Cooktop Itatiaia Essencial 4 Bocas Preto 127v/220v,new,MLB120316,Eletrodomésticos,1168726042,MEGAMAMUTE FULLMG,599,365.9,500,False,True,Minas Gerais,Extrema
MLB3571881241,Chapinha Lizze Profissional 480 Extreme 220v,new,MLB44085,Eletrodomésticos,1526166726,LIZZE_SC,548.75,433.51,500,False,True,Santa Catarina,Palhoça
MLB3571843071,Lizze Chapinha De Cabelo Profissional 480 Extreme 127v,new,MLB44085,Eletrodomésticos,1526166726,LIZZE_SC,548.75,433.51,500,False,True,Santa Catarina,Palhoça
MLB5096585462,Robô Aspirador Robot W90 Varre Aspira E Passa Pano 30w Wap Cor Preto 110v/220v,new,MLB120262,Eletrodomésticos,85263796,123 COMPROU,531.09,289,5000,False,True,São Paulo,Guarulhos
MLB2735052332,Ventilador De Teto Ventisol Fenix Inverter C/controle Estrutura Branco Pás Branco Diâmetro 960 Mm Material Das Pás Plástico Quantidade De Pás 3 127v/220v,new,MLB1645,Eletrodomésticos,1109461744,DIRETOCOMVOCEFULL,339.9,299,5000,False,True,Minas Gerais,Belo Horizonte
MLB4370284646,Sanduicheira Elétrica Britânia Press Press - Bgr27i Cor Preto/inox 110v,new,MLB31683,Eletrodomésticos,317390047,MAXXNASUACASA,197,144.4,500,False,True,São Paulo,São Paulo
MLB2752098536,"Liquidificador L-99-fb Turbo Power 2,2 L Potência De 550w Cor Preto Mondial 110v",new,MLB73055,Eletrodomésticos,661617966,LOJA_OFICIAL MERCADO_FÁCIL,139,109.9,250,False,True,São Paulo,Araçariguama
MLB4707049042,Fogão Cooktop Gás Mueller Cooktop 5 Bocas Preto 127v/220v,new,MLB120316,Eletrodomésticos,743518733,2ELETRO INFO,710,594,150,False,True,Minas Gerais,Belo Horizonte
MLB4484892406,Ventilador Teto Aires Branco 3 Pás Controle Remoto Luminária Silencioso Inverter Bivolt Ventisol,new,MLB1645,Eletrodomésticos,1327118135,4FITNESS_SC,259,238.45,500,False,True,Santa Catarina,Joinville
MLB4671001438,Fritadeira Sem Óleo Air Fryer 4l Mondial Preto 1500w Afn-40-bft,new,MLB456045,Eletrodomésticos,480263032,Mercado Livre Eletronicos,479.9,311.75,500,False,True,São Paulo,Cajamar
MLB4063909210,Aspirador De Pó Vertical 2 Em 1 1400w Philco Pas1550c Cor Cinza 110v,new,MLB4337,Eletrodomésticos,1327755962,BRITANIABRITANIA20230310124445,239.9,159,500,False,True,Santa Catarina,Joinville
MLB5153170798,Cafeteira Automática Nespresso Vertuo Next Tecnologia Centrifusion Preta Fosco 127v,new,MLB9188,Eletrodomésticos,765585256,STORESARAÇARIGUAMA,499,294.41,150,False,True,São Paulo,Araçariguama
MLB4894385214,Maquina Maquininha De Cortar Cabelo Barbeador Eletrico Aparador De Pelos Acabamento Raspar Dragão Buda Profissional,new,MLB5411,Eletrodomésticos,711949118,VM.COMÉRCIO,29.9,23.02,500,False,False,São Paulo,Jundiaí
MLB5074896832,Membrana Micro-ondas Electrolux Compatível Eletrolux Mef41 Mef 41,new,MLB269768,Eletrodomésticos,814571378,REIDAMEMBRANA,25.69,24.4,50,False,False,São Paulo,São Paulo
MLB3899203103,Mexedeira Saro Pa10 Para Mexer Doces Salgados Coxinha 10 Litros Inox Frequência 60 Mhz 110v/220v,new,MLB48666,Eletrodomésticos,1074382560,DESCONTO MAGAZINE,1212.16,897,250,False,True,São Paulo,Santana de Parnaíba
MLB5177443412,Nebulizador Inalador Ultrassonico Portátil Sem Fio Silencioso Bivolt Potente,new,MLB264197,Eletrodomésticos,1221177436,GRUPO KAIZU,139.9,127,100,False,True,São Paulo,São Paulo
MLB4116164094,Ventisol  Turbo 6 Pás 60 Hz 127v 30cm,new,MLB1645,Eletrodomésticos,480263032,Mercado Livre Eletronicos,209.9,139.9,1,False,True,São Paulo,Cajamar
MLB3488256704,"Fritadeira Sem Óleo Air Fryer 3,5l Mondial Preto/inox 1500w Af-31",new,MLB456045,Eletrodomésticos,480263032,Mercado Livre Eletronicos,432.9,236.9,5000,False,True,São Paulo,Cajamar
MLB4306875970,Escova Secadora De Cabelos Britânia Bec07r Soft 4 Em 1 1300w Cabo Giratório Rosa Bivolt,new,MLB264715,Eletrodomésticos,1212138371,ELETROSID,139.98,105.78,150,False,True,São Paulo,São Paulo
MLB2789667558,Cafeteira Portátil Nescafé Dolce Gusto Arno Mini Me Automática Preta Para Cápsulas Monodose 127v,new,MLB9188,Eletrodomésticos,765585256,STORESARAÇARIGUAMA,579.9,429.13,500,False,True,São Paulo,Araçariguama
MLB4558701266,Membrana Painel Controle Micro-ondas Electrolux - Mef33,new,MLB269768,Eletrodomésticos,825096627,RESET_COMPONENTES,23.9,20.07,100,False,False,São Paulo,São Paulo
MLB4959816994,Saco Aspirador De Pó Electrolux 10l A10s /a10t/ A10 /aqp20,new,MLB455114,Eletrodomésticos,379985831,MB-PARTS,27.8,17,250,False,False,São Paulo,Itapira
MLB4498093092,Multiprocessador Pmp1600p 9 Em 1 1700w Philco 110v,new,MLB31674,Eletrodomésticos,1327755962,BRITANIABRITANIA20230310124445,419.9,319.9,250,False,True,Santa Catarina,Joinville
MLB4231619494,Ventilador De Coluna Bvt450 Maxx Force E Hélice De 6 Pás 160w Cor Preto Britânia 110v,new,MLB1645,Eletrodomésticos,1327755962,BRITANIABRITANIA20230310124445,311.9,191,500,False,True,Santa Catarina,Joinville
MLB1646212446,Micro-ondas Mto30 20l Com Função Tira Odor E Descongelar Cor Branco Electrolux 127v,new,MLB73057,Eletrodomésticos,480263032,Mercado Livre Eletronicos,649,529,500,False,True,São Paulo,Cajamar
MLB3967622752,"Chaleira Eletrica Atacama 1,8l - Unitermi 127v",new,MLB31678,Eletrodomésticos,190157921,ALPHA_ÔMEGA,,48.5,500,False,False,São Paulo,Tietê
MLB3225819794,Relaxmedic Balança Digital Corporal Bioimpedancia Aplicativo Bluetooth,new,MLB11617,Eletrodomésticos,337352780,MNLDISTRIBUIDORA,239.9,158.53,5000,False,True,São Paulo,Cotia
MLB3654925947,Jarra De Vidro Para Cafeteira Cp15 Inox Britânia,new,MLB455145,Eletrodomésticos,271526483,HOME COISAS,,35.39,1,False,False,São Paulo,São Paulo
MLB4222975874,"Ferro De Passar Seco E Vapor Electrolux Efficient  Base Antiaderente Vapor Vertical Extra 1200w De Potência Cabo 1,35m Esi10 110v",new,MLB31689,Eletrodomésticos,278749096,MAGAZINE ALPHA,109.99,99.9,100,False,True,São Paulo,São Paulo
MLB5130529470,Ventilador De Parede E Mesa  Wap Flow Turbo Com 8 Pás 3 Velocidades 127v,new,MLB1645,Eletrodomésticos,427664221,ARMAZEM LESTECOMERCIALFERRAGEN,218.32,161.5,250,False,True,São Paulo,São Paulo
MLB3364969757,"Fritadeira Elétrica Sem Óleo Mondial Air Fryer Pratic 3,5l Af-31 220v",new,MLB456045,Eletrodomésticos,480263032,Mercado Livre Eletronicos,432.9,242.9,500,False,True,São Paulo,Cajamar
MLB3468469301,Display Redondo Led Azul Compatível Micro-ondas Philco Pme31,new,MLB455061,Eletrodomésticos,1301043209,TRAK_CAZY_OUTSIDEBRASIL,78,55.38,200,False,False,Minas Gerais,Nova Lima
MLB4392055716,Electrolux Efficient Ets 10 Torradeira Elétrica Inox Grafite 110v,new,MLB31675,Eletrodomésticos,480263032,Mercado Livre Eletronicos,159.99,148.52,200,False,True,São Paulo,Cajamar
MLB3164808306,Secador Taiff Style 2000w Motor Ac Preto - 110v 127v,new,MLB5412,Eletrodomésticos,80278818,BELEZA-RENOVADA OFICIAL,422.6,227.24,500,False,True,São Paulo,São Caetano do Sul
MLB4328622222,Bebedouro De Água Philco Gelada Natural 10l/20l Bivolt Pbe14 Cor Preto 110v/220v,new,MLB73052,Eletrodomésticos,1327755962,BRITANIABRITANIA20230310124445,419.9,322.05,500,False,True,Santa Catarina,Joinville
MLB3305989099,Liquidificador Turbo Power Mondial Vermelho 550w L-99 Fr 127v,new,MLB73055,Eletrodomésticos,480263032,Mercado Livre Eletronicos,172.9,110.66,5000,False,True,São Paulo,Cajamar
MLB4099724836,"Capacitor P/ Microondas 0,85uf 2100v",new,MLB455076,Eletrodomésticos,496196793,AGUIASHOP.,18.55,16.23,500,False,False,Paraná,Curitiba
MLB1663767499,Ventilador Oscilante De Mesa Ventisol Turbo 6 Pás 50cm Preto 127v,new,MLB1645,Eletrodomésticos,480263032,Mercado Livre Eletronicos,236.9,159.9,500,False,True,São Paulo,Cajamar
MLB5005769716,"Fritadeira Elétrica Cube Fry Elgin 4,2 L Airfryer 110v",new,MLB456045,Eletrodomésticos,480263032,Mercado Livre Eletronicos,359,219.9,5000,False,True,São Paulo,Cajamar
MLB3112815296,Filtro Saco Papel 3 Peças Aspirador A10 Acqua Power Gt 2000,new,MLB455114,Eletrodomésticos,630829285,COMPELECTRO1,,19.9,200,False,False,São Paulo,Ourinhos
MLB3766763455,Copo Liquidificador Mondial L1000 L1200 Preto L-1000w Inox 12vel,new,MLB73056,Eletrodomésticos,148859587,HFPIMPORTS,,40,1,False,False,São Paulo,Atibaia
MLB1963631840,Micro-ondas Philco Pmo23eb Limpa Fácil 20l Potência De 1100w Cor Branco 127v,new,MLB73057,Eletrodomésticos,480263032,Mercado Livre Eletronicos,699,489,500,False,True,São Paulo,Cajamar
MLB4170257406,Iogurteira Cinza + Livro De Receitas Bivolt,new,MLB120244,Eletrodomésticos,713745457,AZEMIX COMERCIAL,195.9,186.1,1,False,True,São Paulo,São Paulo
MLB4536450680, Lorenzetti Aquecedor De Agua Versátil 3 Temperaturas 220v Branco,new,MLB33420,Eletrodomésticos,588917107,LEDDIS COMMERCE.,,244.9,500,False,True,Minas Gerais,Poços de Caldas
MLB4370192354,"Fritadeira Air Fryer Bfr25p 3,5 Litros Preto Britânia 110v",new,MLB456045,Eletrodomésticos,85263796,123 COMPROU,395,237,500,False,True,São Paulo,Guarulhos
MLB2644829387,Secador De Cabelos Taiff New Tourmaline Ion 2100w Preto 127v Pro,new,MLB5412,Eletrodomésticos,161534973,PINK ESHOP,396.2,313,1,False,True,São Paulo,Pompéia
MLB4321217596,Bebedouro Bbe12p Aquaplus Para 10l Ou 20l Britânia 127v/220v Cor Preto 110v/220v,new,MLB73052,Eletrodomésticos,1327755962,BRITANIABRITANIA20230310124445,455.9,323,500,False,True,Santa Catarina,Joinville
MLB3834690705,3 Sacos Descartáveis Aspirador Pó Electrolux Flex1400 Awd01 Aqp20 Gt3000,new,MLB455114,Eletrodomésticos,82563578,DONIZA STORE,,18,1,False,False,São Paulo,São Paulo
MLB5039838616,Teclado Membrana Microondas Consul Cma20,new,MLB269768,Eletrodomésticos,814571378,REIDAMEMBRANA,26,22.88,1,False,False,São Paulo,São Paulo
MLB3686743536,Pilha Alcalina Aaa Palito Duracell Com 16 Unidades,new,MLB7060,"Eletrônicos, Áudio e Vídeo",322009325,ARCOZ DISTRIBUIDORA,93.75,67.9,500,False,False,São Paulo,São Paulo
MLB3686779712,Pilha Alcalina Aa Pequena Duracell Com 16 Unidades,new,MLB7060,"Eletrônicos, Áudio e Vídeo",322009325,ARCOZ DISTRIBUIDORA,93.75,67.9,500,False,False,São Paulo,São Paulo
MLB5017144176,Smart Tv Led 32 Hd Samsung Ls32betblggxzd 2 Hdmi 1 Usb Preto,new,MLB1002,"Eletrônicos, Áudio e Vídeo",1917068106,VIKINGS_DIGITAL,1798.34,1079,500,False,True,São Paulo,São Paulo
MLB3762709747,Smart Tv 32 LG Hd 32lr600b Processador 5 Ger6 Alexa Webos,new,MLB1002,"Eletrônicos, Áudio e Vídeo",743518733,2ELETRO INFO,1365.56,1119,500,False,True,Minas Gerais,Belo Horizonte
MLB5175997326,Caixa Caixinha De Som Bluetooth Portatil Radio Fm Potente Cor Preto Grasep Dd-3138,new,MLB3843,"Eletrônicos, Áudio e Vídeo",711949118,VM.COMÉRCIO,,79,1,False,True,São Paulo,Jundiaí
MLB3422025165,Processador De Audio Digital Taramps Pro 2.4s Equalizador Automotivo Crossover Som 4 Vias Regulador Audio Automotivo,new,MLB270234,"Eletrônicos, Áudio e Vídeo",670951102,RADICALSOM.COM.BR,268,209,500,False,True,Santa Catarina,Indaial
MLB3360545307,Echo Pop Smart Speaker Amazon Compacto Com Som Envolvente E Alexa Cor Branca,new,MLB278167,"Eletrônicos, Áudio e Vídeo",480263032,Mercado Livre Eletronicos,349,207.45,500,False,True,São Paulo,Cajamar
MLB4370716942,Samsung Smart Tv 58'' Uhd 4k 58cu7700 2023 Processador Crystal 4k,new,MLB1002,"Eletrônicos, Áudio e Vídeo",1158756553,SAMSUNGLOJAOFICIAL,2649,2476.82,500,False,False,São Paulo,São Paulo
MLB3301462109,Caixa Amplificada Connect Lights Cm-400 Preta Mondial Bivolt Cor Preto 110v/220v,new,MLB3843,"Eletrônicos, Áudio e Vídeo",480263032,Mercado Livre Eletronicos,806.9,399,100,False,True,São Paulo,Cajamar
MLB3489616091,Carregador De Pilhas Recarregáveis Duracell Aa/aaa Com 4 Aa,new,MLB11290,"Eletrônicos, Áudio e Vídeo",322009325,ARCOZ DISTRIBUIDORA,218.63,149.9,500,False,True,São Paulo,São Paulo
MLB4988379390,Microfone Hollyland Lark M2 Duo Combo Duplo Para 2 Pessoas Cor Preto,new,MLB439409,"Eletrônicos, Áudio e Vídeo",1035828469,REDMAGICBRASILOFICIAL,1475,1150.5,250,False,True,São Paulo,São Paulo
MLB3866945761,Smart Tv 4k 43  LG Uhd 43ut8000 Processador A5 Ger7 Ai Alexa Chromecast Integrado Otimizador De Jogos Webos 24 Compatível Com Controle Smart Magic,new,MLB1002,"Eletrônicos, Áudio e Vídeo",1917068106,VIKINGS_DIGITAL,3081.67,1849,50,False,True,São Paulo,São Paulo
MLB3908774087,Caixa Som Xiaomi Sound Outdoor 30w Bluetooth 5.4 Ip67 C/ Cor Black 110v/220v,new,MLB3843,"Eletrônicos, Áudio e Vídeo",242043535,MDVPRESENTES,,350,1,False,True,São Paulo,São Paulo
MLB3830562063,Smart Tv Led 43  Ultra Hd 4k LG 43ur781c0sa.bwz Preto Thinq Ai 3 Hdmi 2 Usb Wi-fi Bluetooth Hdr10,new,MLB1002,"Eletrônicos, Áudio e Vídeo",1917068106,VIKINGS_DIGITAL,3081.67,1929.9,500,False,True,São Paulo,São Paulo
MLB5188726376,Amw Bu6000 Microfone Sem Fio 4 Canais Digital Auricular Uhf,new,MLB439409,"Eletrônicos, Áudio e Vídeo",111785624,WEBDIS_LOJA,,2159,1,False,True,Paraná,Curitiba
MLB3838174443,Smart Tv LG 43  Full Hd 43lr67 Ai Alexa Integrado Webos 23 Ai A5 Ger6 Bluetooth Usb Hdmi Wi Fi Com Controle Remoto Convencional,new,MLB1002,"Eletrônicos, Áudio e Vídeo",584911659,NEGOCIUN-SP,2373.75,1769,250,False,True,São Paulo,Guarulhos
MLB3629351717,Bestweei Bw-35 Suporte Braço Preto 80cm,new,MLB49488,"Eletrônicos, Áudio e Vídeo",401436533,HAPPYSHOPPING1688,,42.05,250,False,False,São Paulo,São Paulo
MLB4890721980,Caixa De Som Go 4 Black Jbl À Prova D'água Jblgo4blk Cor Preto 110v/220v,new,MLB3843,"Eletrônicos, Áudio e Vídeo",344811873,EASYTECHINFOR,299,249,250,False,True,Distrito Federal,Brasília
MLB3670256537,Samsung Smart Tv 43  Uhd 4k Un43du7700gxzd 2024 Processador Crystal 4k Gaming Hub Visual Livre De Cabos Som Em Movimento Virtual Ai Energy Mode Controle Solarcell Alexa Built In,new,MLB1002,"Eletrônicos, Áudio e Vídeo",480263032,Mercado Livre Eletronicos,3993.74,1939.98,5000,False,True,São Paulo,Cajamar
MLB4935613452,Smart Box Tv Proeletronic Prosb-3000 3 Geração Preto,new,MLB133950,"Eletrônicos, Áudio e Vídeo",67987059,KARZEN ELETRO,259.79,174.8,50,False,True,Minas Gerais,Santo Antônio do Monte
MLB3733825481,Mini Projetor Portátil 4k Android Full Hd Smart Wifi Cinema,new,MLB7596,"Eletrônicos, Áudio e Vídeo",1187908924,MIANO FIX,339.9,282.11,500,False,True,São Paulo,Osasco
MLB3878167277,Megafone Usb Recarregável C/sirene Gravador 500m,new,MLB270083,"Eletrônicos, Áudio e Vídeo",251613452,FORYOU ECOMMERCE,120,60,1,False,False,São Paulo,Arujá
MLB5113021406,Smart Tv 32 LG Led 32lr651cbsa Hdr Ai Thinq Led Hd 100v/240v,new,MLB1002,"Eletrônicos, Áudio e Vídeo",1917068106,VIKINGS_DIGITAL,1831.67,1099,500,False,True,São Paulo,São Paulo
MLB3800637953,Caixa De Som Bluetooth Jbl Partybox Encore Essential Origina Cor Preto 110v/220v,new,MLB3843,"Eletrônicos, Áudio e Vídeo",480263032,Mercado Livre Eletronicos,1899,1489.74,250,False,True,São Paulo,Cajamar
MLB5093747834,Smart Tv LG 43  Full Hd Hdr10 Thinq Ai Webos Wifi5 Bluetooth LG Thinq Alexa 60hz 43lr671c0sa.awz,new,MLB1002,"Eletrônicos, Áudio e Vídeo",743518733,2ELETRO INFO,2110,1642,500,False,True,Minas Gerais,Belo Horizonte
MLB4968545166,Sistema Microfone Duplo Hollyland Lark M2 Combo Sem Fio Cor Preto,new,MLB439409,"Eletrônicos, Áudio e Vídeo",1035828469,REDMAGICBRASILOFICIAL,1490,1147.3,200,False,True,São Paulo,São Paulo
MLB4647834810,Smart Tv 50du8000 50'' Crystal Uhd 4k 2024 Cor Cinza Titan Samsung 127v/220v,new,MLB1002,"Eletrônicos, Áudio e Vídeo",480263032,Mercado Livre Eletronicos,4778.9,2453.13,5000,False,True,São Paulo,Cajamar
MLB5061215240,Caixa De Som Bluetooth Partybox Stage 320 Jbl Blpbstage320br Preta 110v/220v,new,MLB3843,"Eletrônicos, Áudio e Vídeo",344811873,EASYTECHINFOR,4400,2949,250,False,True,Distrito Federal,Brasília
MLB3832111585,Microfone Sem Fio Jbl Partybox X 2 Recarregável Preto,new,MLB439409,"Eletrônicos, Áudio e Vídeo",185147827,GALPAO 12,721,598.43,1,False,True,São Paulo,Barueri
MLB3723954177,Smart Tv 32'' Ptv32g7pr2csblh Roku Led Philco Bivolt,new,MLB1002,"Eletrônicos, Áudio e Vídeo",750553953,SHOP EV,1399,999,250,False,True,São Paulo,São Paulo
MLB3340413711,"Echo Dot 5ª Geração Alto-falante De 1,73 Azul Amazon",new,MLB278167,"Eletrônicos, Áudio e Vídeo",480263032,Mercado Livre Eletronicos,429,280.61,500,False,True,São Paulo,Cajamar
MLB3872318719,Smart Tv Samsung Bet-m Full Hd 43  110v/220v,new,MLB1002,"Eletrônicos, Áudio e Vídeo",1168726042,MEGAMAMUTE FULLMG,2819,1691.4,1,False,True,Minas Gerais,Extrema
MLB4796581904,Caixa De Som Bluetooth Portátil Go 4 Jbl - Azul,new,MLB3843,"Eletrônicos, Áudio e Vídeo",480263032,Mercado Livre Eletronicos,319,269,500,False,True,São Paulo,Cajamar
MLB5177017566,Kit Barras Led Compatível Para Tv 42lb5800 42lb5600 42lb6500,new,MLB264683,"Eletrônicos, Áudio e Vídeo",274944864,MERCADO.LED,130.9,75.92,50,False,False,Minas Gerais,Belo Horizonte
MLB3459543991,Smart Tv Led 32'' S5400af Full Hd Android Tv Tcl 127/220v,new,MLB1002,"Eletrônicos, Áudio e Vídeo",480263032,Mercado Livre Eletronicos,1399,1012.95,5000,False,True,São Paulo,Cajamar
MLB4010199342,"Echo Dot 5ª Geração Alto-falante De 1,73 Preto Amazon B09b8vgcr8 Bivolt",new,MLB278167,"Eletrônicos, Áudio e Vídeo",480263032,Mercado Livre Eletronicos,429,272,500,False,True,São Paulo,Cajamar
MLB3460354119,Pop Filter Studio Anti Puff Para Microfone Condensador,new,MLB135937,"Eletrônicos, Áudio e Vídeo",53212238,LORBEN_OFICIAL,,27,50,False,False,São Paulo,São Paulo
MLB5028969560,Smart Tv Samsung Bet-b Hd 32  Bivolt,new,MLB1002,"Eletrônicos, Áudio e Vídeo",1917068106,VIKINGS_DIGITAL,1748.34,1098,500,False,True,São Paulo,São Paulo
MLB4796556596,Caixa De Som Bluetooth Portátil Go 4 Jbl - Branca,new,MLB3843,"Eletrônicos, Áudio e Vídeo",480263032,Mercado Livre Eletronicos,319,261.01,500,False,True,São Paulo,Cajamar
MLB1632127417,Smart Tv Samsung 32'' Hd Tizen T4300 Preto,new,MLB1002,"Eletrônicos, Áudio e Vídeo",480263032,Mercado Livre Eletronicos,1899,1009,5000,False,True,São Paulo,Cajamar
MLB3751430975,Braço Articulado Suporte De Mesa Para Microfone Aço,new,MLB439386,"Eletrônicos, Áudio e Vídeo",411621355,AIKINO BR,,39.9,50,False,False,São Paulo,Guarulhos
MLB3461172929,Smart Tv LG Thinq 43'' Ur7800 4k Uhd Hdr 10 Pro Bivolt,new,MLB1002,"Eletrônicos, Áudio e Vídeo",564615359,V.I.K_,3081.67,1899,500,False,True,São Paulo,São Paulo
MLB4896245998,Caixa De Som Bluetooth Sabala Dr-206 Preto Portátil,new,MLB3843,"Eletrônicos, Áudio e Vídeo",1592296563,SABALAOFFICIAL_BR,139.96,111.96,100,False,True,São Paulo,São Paulo
MLB4341185082,Kit Barra De Led  Agm76150201 43lj5500 43lj5550 43uj6300,new,MLB264683,"Eletrônicos, Áudio e Vídeo",1539966316,IMPORTACOESFERR20231107103614,75.77,58.34,100,False,False,Minas Gerais,Contagem
MLB5029294098,Tripé Iluminação Estúdio Altura De Até 2 Metros - Ys302,new,MLB278236,"Eletrônicos, Áudio e Vídeo",825712531,EVERESTFULL,49.99,29.99,1,False,False,São Paulo,São Paulo
MLB3685345739,Smart Tv 55c655 Advanced 55'' 4k Qled Processador Aipq Pro E DLG 120hz Tcl 110v/220v,new,MLB1002,"Eletrônicos, Áudio e Vídeo",480263032,Mercado Livre Eletronicos,3199,2499,500,False,True,São Paulo,Cajamar
MLB3847786481,Apple AirPods 4 Com Cancelamento De Ruído - Distribuidor Autorizado,new,MLB196208,"Eletrônicos, Áudio e Vídeo",480263032,Mercado Livre Eletronicos,,1499,1,False,True,São Paulo,Cajamar
MLB5088208874,Smart Tv LG 55  4k Ultra Hd 55ut8050psa Processador A5 Ger7 Ai Alexa/chromecast Integrado Otimizador De Jogos Webos 24 Com Controle Smart Magic,new,MLB1002,"Eletrônicos, Áudio e Vídeo",640436496,POST COMMERCE,4299,2579.4,50,False,True,São Paulo,São Paulo
MLB3713151313,Caixa Caixinha Som Portátil Bluetooth 10w Rgb Potente Top Cor Preto 110v/220v,new,MLB3843,"Eletrônicos, Áudio e Vídeo",37036809,PFP ECOMMERCE,,34,1,False,False,São Paulo,São Caetano do Sul
MLB5173780936,Kit 3 Barras De Led Un40j5200 Un40j5200ag Un40j5290 Un40j5290ag Ue40j5200 Ua40j5200 Un40t5300,new,MLB264683,"Eletrônicos, Áudio e Vídeo",17811360,GLOBAL-ECOMMERCE,81.29,59.85,150,False,False,Minas Gerais,Belo Horizonte
MLB3746092597,Suplemento Em Pó Integralmédica 100% Pura 300g,new,MLB264201,Esportes e Fitness,699665935,PADUASHOP,83,58,5000,False,False,São Paulo,Mairiporã
MLB4671368840,Freio Traseiro Hidraulico Shimano Altus Mt200 = M315 Mtb,new,MLB122186,Esportes e Fitness,1808296952,BIKELEVEL22,,184,200,False,True,São Paulo,Sorocaba
MLB3546876374,Bolsa Térmica Fitness Master Black Multiuso Porta Marmita Frasqueira Everbags  Preto,new,MLB18272,Esportes e Fitness,210371884,EVERBAGS MOCHILAS,,78.9,500,False,False,São Paulo,São Paulo
MLB3818949785,Descanso Apoio Lateral Alumínio Borracha Regulagem Aro 20a29 Cor Branco,new,MLB432087,Esportes e Fitness,486998642,OGM BIKE,26.5,21.73,1,False,False,Paraná,Cambé
MLB5095858730,Barraca Camping Mor Iglu Para Até 4 Pessoas Acampamento 409035,new,MLB3894,Esportes e Fitness,178333545,ATOZDISTRIBUIDORA,,127,1,False,True,São Paulo,São Paulo
MLB2147833620,Whey Pro Concentrado Pote 1kg - Max Titanium Sabor Morango,new,MLB122102,Esportes e Fitness,565098644,MAX_TITANIUM,92.79,66.9,500,False,False,São Paulo,Matão
MLB3680665983,Buzina Bike Sino De Guidão Bicicleta Pato De Capacete Hélice Cor Amarelo Capacete,new,MLB122173,Esportes e Fitness,94865076,MEGAVENDASONLINE1,,19.4,500,False,False,São Paulo,São Paulo
MLB3752266337,Invicta Garrafa Térmica Airpot Inox Slim De Vidro 1.8l Cor Prateado,new,MLB33388,Esportes e Fitness,1383657000,MAISELETROECOM,78.9,67.85,1,False,False,Distrito Federal,Brasília
MLB4812143184,Creatina Monohidratada Pura 500g Dark Lab Unidade,new,MLB264201,Esportes e Fitness,1867843782,DARKLAB,93.62,74.9,5000,False,False,São Paulo,Salto
MLB2794699684,Creatina Monohidratada 500g Soldiers Nutrition Sabor Natural,new,MLB122102,Esportes e Fitness,64196652,SOLDIERS NUTRITION,78.9,72.64,5000,False,False,São Paulo,São Paulo
MLB3691985459, Bomba De Pneu Car Air Pump Sem Fio 150 Psi Luz De Emergência Led Com Bateria Recarregável De 4000 Mah,new,MLB429490,Esportes e Fitness,1059555591,KOIR BRASIL,106.32,87.19,50000,False,True,São Paulo,Guarulhos
MLB5179448078,Lanterna Tática Militar Sabre De Luz,new,MLB430264,Esportes e Fitness,721051265,ECOM.HOME,,35.8,500,False,False,São Paulo,São Paulo
MLB3817089255,Creatina Monohidratada Em Pote 3000mg 100% Pura Dark Lab,new,MLB264201,Esportes e Fitness,1867843782,DARKLAB,78.9,58.9,5000,False,False,São Paulo,Salto
MLB3779569071,Velocímetros Bike Gps Xoss Bluetooth Ant Strava Cor G2 Plus,new,MLB9887,Esportes e Fitness,1447749595,ELETRONICOSEPRESENTES,,252,1,False,True,Goiás,Cocalzinho de Goiás
MLB4555347698,Creatina 300g Max Titanium Monohidratada Em Pó Sem Sabor,new,MLB264201,Esportes e Fitness,699665935,PADUASHOP,170,125,500,False,True,São Paulo,Mairiporã
MLB4859716700,Garrafa Térmica Termolar Lúmina Bomba De Pressão 1l,new,MLB33388,Esportes e Fitness,410990167,LOJAS ESTRELADOLAR,,74.99,200,False,False,São Paulo,Jacareí
MLB3634807095,Creatina Monohidratada Pote 300g 100% Pura  Soldiers Nutrition,new,MLB122102,Esportes e Fitness,64196652,SOLDIERS NUTRITION,78.9,54.19,500,False,False,São Paulo,São Paulo
MLB3904551089,Mini Compressor Elétrica Portátil E Multifuncional Ideal Para Pneus Bolas E Mais Bateria 4000mah Cor Preto,new,MLB371422,Esportes e Fitness,211264621,SBCARDOSOONLINE,,87.54,1,False,True,São Paulo,Campinas
MLB3807070759,Creatina Monohidratada Pura 600g Dark Lab Unidade,new,MLB264201,Esportes e Fitness,1867843782,DARKLAB,117.9,94.32,5000,False,True,São Paulo,Salto
MLB4209968434,Lanterna Tática Modelo Titanium Cor Preto,new,MLB430264,Esportes e Fitness,365243985,GETECOM,,49.45,100,False,False,São Paulo,Santo André
MLB5138063454,"Canote Selim Absolute Xl-350 Preto 27,2 X 350 Com Carrinho",new,MLB69695,Esportes e Fitness,39492662,ROUPASPARACICLISMO,,28.69,1,False,False,Santa Catarina,São José
MLB4812130742,Creatina Monohidratada Pura 1kg Dark Lab Unidade Sem Sabor,new,MLB264201,Esportes e Fitness,1867843782,DARKLAB,227,155.8,500,False,True,São Paulo,Salto
MLB4063179466,Creatina Monohidratada 600g 100% Pura Soldiers Nutrition Sem Sabor,new,MLB122102,Esportes e Fitness,64196652,SOLDIERS NUTRITION,154.9,92.94,5000,False,True,São Paulo,São Paulo
MLB3899191611,"Garrafa Térmica Pressão 1,8 L Café Chá Agua Quente E Fria",new,MLB33388,Esportes e Fitness,116155669,ISMAFER-VILA GUILHERME,101.39,65.9,250,False,False,São Paulo,Guarulhos
MLB3622254981,Lubrificante Session S-wax Cera Grafeno Corrente 100ml Pro,new,MLB122177,Esportes e Fitness,467214278,MINDBIKE,,103,50,False,True,São Paulo,Diadema
MLB2766771378,Creatina Monohidratada 1kg 100% Pura Soldiers Nutrition Sem Sabor,new,MLB122102,Esportes e Fitness,64196652,SOLDIERS NUTRITION,239.9,155.8,5000,False,True,São Paulo,São Paulo
MLB5097765382,Whey Protein Growth Basic Whey (1kg) - Growth Supplements Sabor Chocolate,new,MLB122102,Esportes e Fitness,235373425,CASACOISAETAL_,,54.9,1,False,False,São Paulo,Ourinhos
MLB5101235388,Alarme De Pesca Lk-1108,new,MLB3897,Esportes e Fitness,1617293970,CATFISHSTOREBR,,34.9,1,False,False,São Paulo,São Caetano do Sul
MLB5043635876,Cera Liquida 120ml Lubrificante Corrente Bike - Pico Expert,new,MLB122177,Esportes e Fitness,6144605,FBIKESHOP,,33.89,1,False,False,São Paulo,Cosmópolis
MLB4784152282,Albumina Naturovos 1kg Chocolate,new,MLB264201,Esportes e Fitness,1799359659,GHSUPLEMENTOS,78.9,63.12,200,False,False,Paraná,Campo Largo
MLB4787724302,Oleo Lubrificante Sintetico Atóxico Alimenticio Gp 800 300ml,new,MLB122177,Esportes e Fitness,407763942,COMODIDADEVIRTUAL,72.99,57,50,False,False,São Paulo,Araçoiaba da Serra
MLB3842290199,Soco Inglês Defesa Pessoal Soqueira Tático Aço Resistente,new,MLB18372,Esportes e Fitness,1002862947,MELI SHOOP,,20.52,1,False,False,São Paulo,Itaquaquecetuba
MLB3902252453,Glucosamina Condroitina Msm Prosize 180cps - Original,new,MLB264201,Esportes e Fitness,1428721279,AQTUDO,78.99,63.19,200,False,False,Santa Catarina,São José
MLB3627778199,Lubrificante Algoo Lube Cera Ptfe Premium 200 Ml 2 Unidades,new,MLB122177,Esportes e Fitness,39492662,ROUPASPARACICLISMO,,31.02,250,False,False,Santa Catarina,São José
MLB3883899595,Colchão Inflável Intex 64102 Casal Cor Bege Hasta 273kg De  1.37m X 1.91m X 0.25m,new,MLB4216,Esportes e Fitness,126257957,MULTI CONFORTO,,244.99,250,False,True,São Paulo,São Paulo
MLB3321287217,Suplemento En Pó New Millen Premium Proteínas Sabor Cookies & Cream X 1.8kg,new,MLB264201,Esportes e Fitness,1354124140,SAUDEVITAE,164.9,117.5,1,False,True,São Paulo,São Bernardo do Campo
MLB3696633554,Espessante Alimentar Biosen Para Alimentos Líquidos 400gr,new,MLB264201,Esportes e Fitness,205424738,CIRURGICA_BOTUCATU,52,47.84,1,False,False,São Paulo,Botucatu
MLB3385914137,Líquido Selante Tubeless- Selle Action Power Tubeless 500ml,new,MLB122184,Esportes e Fitness,198953402,SELLE ACTION,,79,50,False,True,Paraná,São José dos Pinhais
MLB3841093249,"Garrafa Térmica Grande Inox 2,5l Mônaco Unitermi Café Tereré",new,MLB33388,Esportes e Fitness,1175061885,SUPERMARIOSCOMERCIAL,,58.9,1,False,False,São Paulo,São José dos Campos
MLB3894582793,Biotta 25bi Suplemento Alimentar Com 30 Cápsulas - Marjan Sabor Sem Sabor,new,MLB122102,Esportes e Fitness,1953504013,FARMAABELA,,174,1,False,True,Santa Catarina,Blumenau
MLB4651601660,Lubrificante Session S-wax Grafeno Máximo Desempenho 100ml,new,MLB122177,Esportes e Fitness,208585455,SIDBIKES,,96.99,1,False,True,Santa Catarina,Indaial
MLB3206778886,Vitamina C 100% Pura E Concentrada - Fórmula Exclusiva Com 1000mg Por Cápsula - 120 Cápsulas,new,MLB264201,Esportes e Fitness,310666279,ABEAMERICA,78.99,40.73,500,False,False,São Paulo,Jundiaí
MLB5169914518,Balança Portátil Digital De Mão Mala Bagagem Pesca Até 50 Kg Cor Prateado,new,MLB48183,Esportes e Fitness,1328306496,CHAN_CHU,,26.25,1,False,False,São Paulo,Jundiaí
MLB4034478900,Suplemento Monohidratada Em Pó Max Titanium  Pote 3000mg Pó Sem Sabor,new,MLB264201,Esportes e Fitness,699665935,PADUASHOP,78.9,57,500,False,False,São Paulo,Mairiporã
MLB4265537022,Suporte De Bike 2 Bicicleta Bicicletário Estacionamentos,new,MLB270907,Esportes e Fitness,726497779,RAYA SHOP,39.75,38.55,5000,False,False,São Paulo,Itajobi
MLB5097830614,Extrato De Própolis Verde Puro 70% 30ml Apis Flora Imunidade,new,MLB264201,Esportes e Fitness,1906803532,LAUREVAREJO,49.95,39.96,50,False,False,São Paulo,Ribeirão Preto
MLB4657774572,"Garrafa Térmica Therm 1,9 Litros Inquebrável Inox Cor Prateado",new,MLB33388,Esportes e Fitness,284649958,STARVOX-AUDIOE-VIDEO-LTDA,,129,50,False,True,São Paulo,São Paulo
MLB3763992825,Bomba De Ar Car Air Pump Mini Compressor Portátil Calibra Encher Pneu De Carro Bike Moto Cor Preto Usb,new,MLB371422,Esportes e Fitness,1834181089,BLOGLED,,94.69,500,False,True,São Paulo,São Paulo
MLB2765110022,Cafeína - Pote 90 Cápsulas Dux Nutrition Sem Sabor ,new,MLB264201,Esportes e Fitness,141847129,FITH0USE,58.75,35.25,500,False,False,São Paulo,Ribeirão Preto
MLB3371578831,Parafusadeira Furadeira The Black Tools Tb12a 3/8 Bivolt A Bateria 12v Cor Amarelo Frequência 60hz,new,MLB189007,Ferramentas,1375734583,THE_BLACK_TOOLS,137.38,99.9,500,False,True,São Paulo,Guarulhos
MLB5062148064,"Disco Lixa Abralon 150mm Grão P180, 5 Un - Mirka Quantidade De Cascalhos 180",new,MLB236755,Ferramentas,1117374853,BTNEWTINTAS,,113,200,False,True,São Paulo,São Caetano do Sul
MLB3393222713,Lavadora De Alta Pressão Kärcher Compacta 1500psi 1400w Cor Amarelo/preto 220v,new,MLB120294,Ferramentas,532245195,KARCHER LOJA_OFICIAL,499,339.32,500,False,True,São Paulo,Vinhedo
MLB5131114508,Parafusadeira E Furadeira Sem Fio Bateria 12v Bivolt 3/8  10mm Com Maleta E Acessorios The Black Tools,new,MLB189007,Ferramentas,1375734583,THE_BLACK_TOOLS,258.47,155.08,500,False,True,São Paulo,Guarulhos
MLB3659727001,Máquina De Solda Inversora Esab Bantam 3.2 Bivolt 110v/220v,new,MLB261436,Ferramentas,1181453348,ESAB BRASIL,794.5,549,500,False,True,Minas Gerais,Contagem
MLB3342973213,Grampeador Tapeçaria Manual C/ Maleta + Trena + 500 Grampos,new,MLB263528,Ferramentas,731760667,BRESTER,67.97,45.85,150,False,False,Santa Catarina,Orleans
MLB4287759534,Parafusadeira E Furadeira De Impacto 3/8  Wap K21 Id02 2000 Mah Bivolt,new,MLB189007,Ferramentas,1185775029,ISMAFER_FERRAMENTAS_1185775029,310.01,219,5000,False,True,Minas Gerais,Extrema
MLB3616725881,Parafusadeira Furadeira Sem Fio Bateria 12v Para Madeira Metal Cor Amarelo E Preto Frequência 60 110v/220v,new,MLB189007,Ferramentas,86716139,ISMAFER.COM,212.38,149.9,5000,False,True,São Paulo,São Paulo
MLB2001101990,Philco Furadeira Pfu02 127v Cor Azul-turquesa 750 W,new,MLB189007,Ferramentas,768826009,Mercado Livre Casa,,179,250,False,True,São Paulo,Cajamar
MLB5150595576,Boveda 62% - 8g Kit C/3un Umidificador Ervas E Fumos,new,MLB49081,Ferramentas,166385557,JET SETTER,,39.5,500,False,False,São Paulo,São Paulo
MLB2793858589,Lavadora De Alta Pressão Wap Ousada Plus 2200 1500w De Potência 1750 Psi 127v,new,MLB120294,Ferramentas,743518733,2ELETRO INFO,610,469,500,False,True,Minas Gerais,Belo Horizonte
MLB3639867413,Lavadora De Alta Pressão Kärcher Compacta 1500psi 1400w Cor Amarelo 110v,new,MLB120294,Ferramentas,1231144466,UAI EXPRESS,379.9,299.88,200,False,True,Minas Gerais,Contagem
MLB3782850585,Estilete Profissional Com Trava Giratória 18mm + 10 Lâminas!,new,MLB33364,Ferramentas,1021095348,CUPOM DIN,,17.55,250,False,False,São Paulo,São José dos Campos
MLB4314606824,Máquina Solda Mig 150 Flex Tig Lift Mma Sem Gás Bivolt Cor Laranja/preto Frequência 50 Hz/60 Hz 110v/220v,new,MLB261436,Ferramentas,288700419,PRO-EURO,1042,746.36,150,False,True,Santa Catarina,São José
MLB4991787956,Máquina Solda Inversora Mig 160a Sem Gás 3 Em 1 Tig Lift Eletrodo Easymig Start 220v Cor Amarelo 50 Hz/60 Hz,new,MLB261436,Ferramentas,116155669,ISMAFER-VILA GUILHERME,1213.86,749.9,500,False,True,São Paulo,Guarulhos
MLB4750105868,Máquina Inversora De Solda Portatil Mma Eletrodo Tig 220v Top Arc200 The Black Tools,new,MLB261436,Ferramentas,116155669,ISMAFER-VILA GUILHERME,397.51,292.6,500,False,True,São Paulo,Guarulhos
MLB5150658034,Boveda 62% - 8g Kit C/5un Umidificador Ervas E Fumos,new,MLB49081,Ferramentas,166385557,JET SETTER,,65.5,100,False,False,São Paulo,São Paulo
MLB3523849887,Chave Hidraulica Instalar Rosquear Trocar Pia Torneira Grifo,new,MLB277999,Ferramentas,1428207164,WWHWWH20230719123952,30,18,150,False,False,São Paulo,São Paulo
MLB3425452407,Termômetro Digital Infravermelho Mira Laser -50° A 380°c,new,MLB431216,Ferramentas,94865076,MEGAVENDASONLINE1,,50.35,250,False,False,São Paulo,São Paulo
MLB3380688843,Pistola De Pintura Profissional Automotiva Alta Pressão Hvlp Cor Azul,new,MLB263853,Ferramentas,152381864,COMERCIAL EDUAR,138.88,102.77,500,False,True,São Paulo,São Paulo
MLB4390083032,Paquimetro Digital 150mm Inox Profissional C/ Estojo Mtx,new,MLB30163,Ferramentas,208208653,LOJANYBCECOMMERCE,51.63,43.7,250,False,False,São Paulo,São Paulo
MLB3905883435,Parafusadeira Furadeira De Impacto Sem Fio 2 Bateria 21v 3/8 10mm Com Maleta Bivolt 110v/220v Grz-21n Gorillaz,new,MLB189007,Ferramentas,116155669,ISMAFER-VILA GUILHERME,429.08,199,500,False,True,São Paulo,Guarulhos
MLB5038372140,Paquímetro Digital Eletrônico Inox Com Estojo Bateria Titanium,new,MLB30163,Ferramentas,1306792437,CASADASSERRASMG,59.49,35.08,500,False,False,Minas Gerais,Extrema
MLB3887283119,Kit Ferro De Solda Mackie Ferramentas Soldador Com Estanho 110v 220v Profissional,new,MLB48611,Ferramentas,711949118,VM.COMÉRCIO,,33,150,False,False,São Paulo,Jundiaí
MLB3882913661,Martelo Manual U Martelo Unha Caseiro,new,MLB188547,Ferramentas,800464707,PEDRINAFRANARIBEIROPEDRINA,,20.99,1,False,False,São Paulo,São Paulo
MLB3783345363,Serra Makita 4100nh3zx Mármore Com 2 Discos Diámetro 110mm 1300w 220v ,new,MLB188785,Ferramentas,1528076554,TAKILOCFERRAMENTAS,,399,1,False,True,Bahia,Lauro de Freitas
MLB4870763570,Parafusadeira E Furadeira Impacto The Black Tools Tb-21pw 21v 3/8 Cor Amarelo Frequência 50/60 Hz 110v/220v,new,MLB189007,Ferramentas,1375734583,THE_BLACK_TOOLS,338.31,199.9,500,False,True,São Paulo,Guarulhos
MLB3389500547,Densimetro Vidro Teste De Densidade De Liquidos De Baterias,new,MLB260679,Ferramentas,134073130,MFL ACESSORIOS,,28.12,100,False,False,Paraná,Prudentópolis
MLB4023183250,Ferro De Solda 60w + Estanho 15g | Kit Para Soldar 110v,new,MLB48611,Ferramentas,43052935,ELETRONICA ALFANIT,33.49,29.99,150,False,False,São Paulo,São Paulo
MLB3388057465,Cortador Vidro Espelho Caneta Diamantada Diamante Riscador,new,MLB188659,Ferramentas,1338912429,COLAECIA,,15.9,1,False,False,São Paulo,São José do Rio Preto
MLB4481471232,Lavadora De Alta Pressão Karcher Compacta 1500psi 1400w Karcher 220v,new,MLB120294,Ferramentas,1074382560,DESCONTO MAGAZINE,445.89,348.65,500,False,True,São Paulo,Santana de Parnaíba
MLB4961827530,Furadeira Parafusadeira Com Impacto Sem Fio De 10mm Philco Ppf03m 12v Acessório Com Maleta De Transporte 110v/220v,new,MLB189007,Ferramentas,757589497,OMIMPORTACAOECOMERCIODEI,,159.9,50,False,True,Espírito Santo,Serra
MLB3552674321,Máquina Inversora De Solda Portatil Mma Eletrodo Mi150d 120a 220v The Black Tools,new,MLB261436,Ferramentas,1375734583,THE_BLACK_TOOLS,430.62,279.9,500,False,True,São Paulo,Guarulhos
MLB3770400314,Estilete Metal Emborrachado Trapezoidal 18mm Com 5 Lâminas,new,MLB33364,Ferramentas,1338912429,COLAECIA,34.9,27.79,500,False,False,São Paulo,São José do Rio Preto
MLB3489524539,Moto Esmeril De Bancada 6 Pol. 360w 1/2cv Bivolt 110v/220v,new,MLB188789,Ferramentas,264268329,LOJA_DO_MECANICO_OFICIAL 2,207.99,201.75,500,False,True,São Paulo,Cajamar
MLB5189519658,Parafusadeira Furadeira De Impacto Profissional 21v  Modelo Tb-21px 2 Baterias Com Maleta Tb21px The Black Tools,new,MLB189007,Ferramentas,1939102837,AMARODISTRIBUIDORA,,244,100,False,True,São Paulo,Indaiatuba
MLB3911417517,Termômetro Laser Digital Industrial Infravermelho -50°a420°c,new,MLB431216,Ferramentas,206355960,TDSSHOP01,74.9,56.17,1,False,False,São Paulo,São Paulo
MLB3388280035,Serra  Bosch  Tico-tico Professional Gst 680 500w 127v ,new,MLB443207,Ferramentas,440775073,INTER LEVELBR,390,347.1,250,False,True,Paraná,Campo Largo
MLB4571501880,Escova De Aço 4 Fileiras Cabo Plástico - Castor,new,MLB277699,Ferramentas,743637689,CASTOR PINCEIS,19.94,18.34,1,False,False,São Paulo,Diadema
MLB3799316641,Lavadora Alta Pressão Lav1600 220v Vonder,new,MLB120294,Ferramentas,127610016,SACFERRAFERRAMENTAS,480,360,150,False,True,Paraná,Curitiba
MLB5023343706,Kit Jogo Brocas Ferro Concreto Madeira Videa P/ Furadeira,new,MLB33398,Ferramentas,1338912429,COLAECIA,38.9,33.45,50,False,False,São Paulo,São José do Rio Preto
MLB2163054343,Furadeira E Parafusadeira Sem Fio Dewalt Modelo Dcd7781d2 Com 2 Baterias 1 Carregador Bivolt,new,MLB189007,Ferramentas,569138182,TORK TOOLS,1571.96,1289,500,False,True,São Paulo,São José dos Campos
MLB4188228096,Soprador Térmico Vonder 2000w Stv200 3 Estágios + Acessórios Voltagem 127v,new,MLB188783,Ferramentas,440775073,INTER LEVELBR,215.66,194.09,100,False,True,Paraná,Campo Largo
MLB4222253734,Grampos 8mm Para Grampeador Pneumático 576549 Mtx,new,MLB263530,Ferramentas,245319690,LIXATUDO ABRASIVOS,,16.84,1,False,False,São Paulo,São Roque
MLB4415296306,Misturador De Argamassa E Tinta Elétrico 6 Velocidades 1300w Voltagem 220v,new,MLB271802,Ferramentas,209203702,G2-COMERCIO,347.99,292.31,250,False,True,Santa Catarina,São Ludgero
MLB3871009537,Modus 45 Graus Guia Disco Corte Gabarito Serra Chanfro Porcelanato,new,MLB270609,Ferramentas,347294564,PAREI COMPREI,,89.97,1,False,True,São Paulo,Carapicuíba
MLB3462422742,Parafusadeira E Furadeira A Bateria Wap Bpf 12k3 12v Com Maleta Bivolt,new,MLB189007,Ferramentas,1185775029,ISMAFER_FERRAMENTAS_1185775029,220,179.9,5000,False,True,Minas Gerais,Extrema
MLB5147062650,Lixadeira Orbital Wap Elo 250  1/4 Velocidade 14000 Opm 250w 127v,new,MLB31518,Ferramentas,1327118135,4FITNESS_SC,195,179.4,1,False,True,Santa Catarina,Joinville
MLB3894867599,Pistola Da Água Lavadora Alta Pressão Recarregável Portátil Cor Preto 110v/220v,new,MLB442420,Ferramentas,1224503178,TANGSHOP_BRASIL,,99,500,False,True,São Paulo,São Paulo
MLB3898745083,Alicate De Pressão Boca Reta Cabo Emborrachado 10 Fertak,new,MLB188433,Ferramentas,581347713,SIMBAS IMPORT,,22.19,1,False,False,São Paulo,São Paulo
MLB3840390691,Senhora Paçoca Diet Zero Açúcar Display 24 Unidades ,new,MLB457510,Festas e Lembrancinhas,1966923359,DASENHORA,39.99,25.99,50,False,False,São Paulo,São Paulo
MLB5124799436,Pacoca Pacoquita Quadrada Embrulhada 20g Sta Helena Amendoim,new,MLB457510,Festas e Lembrancinhas,166199746,VALENTE DOCES,,32.9,1,False,False,São Paulo,São Paulo
MLB3495995541,50 Un Balão Bubble 24 Polegadas 60cm Transparente Premium,new,MLB74678,Festas e Lembrancinhas,623886447,ELLEGANTO,,50.05,500,False,False,São Paulo,São Paulo
MLB4973977932,Copo Plástico Descartável Transparente 200ml P/ Água - 100un,new,MLB256845,Festas e Lembrancinhas,1490755675,KINGHIG,,12.8,500,False,False,Rio de Janeiro,Rio de Janeiro
MLB3438194795,"Canudo Comum Biodegradável 19,5cm Strawplast Com 100 Unidades Cor Transparente",new,MLB256843,Festas e Lembrancinhas,1076312253,PACKZ_EMBALAGENS.,12,11.4,50,False,False,São Paulo,Cotia
MLB4486932768,Napoles Inflador Compressor Elétrico Bomba Encher Balões Bexiga 110v,new,MLB432173,Festas e Lembrancinhas,376934766,EXDECOROFICIAL,,78.9,100,False,False,São Paulo,São Paulo
MLB4932622602,Pulseira De Neon Para Hora Da Balada Com 100 Unidades Festa Brilho Fluorescente,new,MLB46235,Festas e Lembrancinhas,453220997,STORE_SS,47.69,29,50,False,False,São Paulo,Jundiaí
MLB5177046420,10 Balão Flor Margarida Branca 45cm Decoração Festa,new,MLB74678,Festas e Lembrancinhas,215166071,BVEX ECOMM,,25.19,500,False,False,São Paulo,Guarujá
MLB4954126642,Teleri Festas Suporte Balão 50 Unidades Transparentes 33cm,new,MLB257366,Festas e Lembrancinhas,214885866,SENADIASDISTRIBUIDORA,24.99,20.49,1,False,False,Minas Gerais,Santo Antônio do Monte
MLB3767504991,Pulseira Neon 200 Und Balada Festa Fluorescente Led Brilho,new,MLB46235,Festas e Lembrancinhas,1024235833,PRADOVANESSA20211122193318,,55.9,100,False,False,São Paulo,São Paulo
MLB4668021988,Arco Romano Painel Desmontável Para Festa ,new,MLB256818,Festas e Lembrancinhas,507262295,DESIGNER ILUMINAÇÃO,,78.9,50,False,False,São Paulo,Porto Ferreira
MLB3414628451,"Caixa Canudo Colher Mexedor Para Caipirinha 5,8mm 1.200 Und Cor Preto",new,MLB256843,Festas e Lembrancinhas,731760667,BRESTER,145.27,132.19,1,False,True,Santa Catarina,Orleans
MLB5093700072,444 Unid. Bexiga De Água Water Ballons Brincadeiras De Verão,new,MLB74678,Festas e Lembrancinhas,1310569560,DLTRTECH,,68.36,250,False,False,São Paulo,São Paulo
MLB3615353841,Balão Bubble Transparente 18 Polegadas 45cm Top Kit C\50,new,MLB74678,Festas e Lembrancinhas,1531369271,PLATINUMLOJA2020,,33.04,250,False,False,São Paulo,São Paulo
MLB5145141462,.pulseira Neon 100 Unidades Tubo Balada Adereços Festa Aniversário Fluorescente,new,MLB46235,Festas e Lembrancinhas,154715472,MAFE4871210,32,27.52,1,False,False,São Paulo,São Paulo
MLB3877410399,Inflador De Ar Elétrico Máquina Encher Baloes Bexigas Festa,new,MLB432173,Festas e Lembrancinhas,621419111,MEUIMPORTADORBRLTDA,78.9,65.49,200,False,False,Santa Catarina,São José
MLB3822842367,Corante Para Tingir Roupas E Tecidos Tupy Várias Cores Cor Amarelo,new,MLB457426,Festas e Lembrancinhas,1031183868,DENICOLY20211202121250,,12.79,1,False,False,São Paulo,São José dos Campos
MLB5028158452,"Tapete De Festa Em Lona 3,00 X 1,50 Diversos Modelos Cor Frozen Gelo Neve",new,MLB256818,Festas e Lembrancinhas,330120274,WFESTASDECOR,,179,50,False,True,Rio de Janeiro,Rio de Janeiro
MLB3630736379,Balão Bexiga Redondo Cores Lisas 9 Polegadas 50 Unidades,new,MLB74678,Festas e Lembrancinhas,1672167990,ONFESTASATACADO,20.9,16.72,500,False,False,São Paulo,Ribeirão Preto
MLB5028107646,"Tapete De Festa Em Lona 3,00 X 1,50 Para Decoração Temático Cor Flores Aquarela",new,MLB256818,Festas e Lembrancinhas,330120274,WFESTASDECOR,,179,50,False,True,Rio de Janeiro,Rio de Janeiro
MLB3487087942,"Suporte Para Balão Bexiga De Chão - 1,68 - 19 Hastes - 2 Und",new,MLB257366,Festas e Lembrancinhas,1330913470,KAKAKAKA20230314194218,67.9,46.17,50,False,False,São Paulo,São Paulo
MLB5084837444,120un Copo Descartável Supremo 300ml Cristal Semi Acrílico,new,MLB256845,Festas e Lembrancinhas,1995237122,TUTSVARIEDADES,,41.9,1,False,False,São Paulo,São Paulo
MLB3760823935,10 Unidades Balão Bubble - 24 Polegadas - 60 Cm - Cristal,new,MLB74678,Festas e Lembrancinhas,620751891,CLICKSHOP 10,,26.9,50,False,False,São Paulo,São Paulo
MLB3594184965,Copo Papel Branco 60ml Biodegradável Térmico Café 100un,new,MLB256845,Festas e Lembrancinhas,1318629568,NATUREPACKDESCARTAVEIS,,21.97,250,False,False,São Paulo,São Bernardo do Campo
MLB4384494620,Vela Estrelinha Faíscas Mais Tempo Cartela Com 4 Unidades,new,MLB256822,Festas e Lembrancinhas,214885866,SENADIASDISTRIBUIDORA,10.99,9.45,100,False,False,Minas Gerais,Santo Antônio do Monte
MLB3801149789,Kit 6 Canudos De Aço Inox Com Escova De Limpeza,new,MLB256843,Festas e Lembrancinhas,268666787,DANSHOP MAGAZINE,,15.8,100,False,False,São Paulo,São Sebastião
MLB4944583990,50 Unidades De Balões Bolha Transparentes De 22 Cm,new,MLB74678,Festas e Lembrancinhas,1024235833,PRADOVANESSA20211122193318,,28.9,150,False,False,São Paulo,São Paulo
MLB5166534470,Tiara Medusa Cobras Serpentes Mitologia Grega Festa Fantasia Cor Ouro,new,MLB256812,Festas e Lembrancinhas,458453444,JUJU MAGAZINE,49.99,48.49,1,False,False,Rio de Janeiro,Rio das Ostras
MLB3832266553,Masteli Suporte Pega Balão Bexigas Varetas Hastes 33cm 50 Unidades,new,MLB257366,Festas e Lembrancinhas,272362304,MARISTIE_SHOP,,21.51,50,False,False,São Paulo,Itapetininga
MLB4519794076,Bomba Manual De Encher Inflar Balão Bexiga Ida E Volta Cor Colorido,new,MLB432172,Festas e Lembrancinhas,427630663,ARTPREMIUM LOJA,,13.63,1,False,False,São Paulo,São Paulo
MLB4997363712,Kit 50 Unidades Balao Bubble Bolha Transparente 24 Polegadas,new,MLB74678,Festas e Lembrancinhas,1629517290,BALAOMAGICOGYN,,59.9,250,False,False,Goiás,Goiânia
MLB3591059699,Canudo Colorido Flexível P/ Drinks Refri 100und Strawplast Cor Variadas,new,MLB256843,Festas e Lembrancinhas,731760667,BRESTER,14.18,12.19,100,False,False,Santa Catarina,Orleans
MLB4608466864,Canudo Colher Mexedor Preto Strawplast Para Drinks 100 Und,new,MLB256843,Festas e Lembrancinhas,26173950,LEOMARKET DIS,18.9,13.6,500,False,False,São Paulo,Osasco
MLB4501859918,Inflador Compressor Bomba Balões Bexigas Festas 110v 2 Bicos Cor Rosa,new,MLB432172,Festas e Lembrancinhas,789476223,RENOVE_DECOR,,78.44,1,False,False,Rio de Janeiro,Rio de Janeiro
MLB3913182813,Balão Bubble Bolha Transparente 24 Pol Pacote Com 50 Und,new,MLB74678,Festas e Lembrancinhas,158911086,777VARIEDADES,,72,1,False,False,São Paulo,São Paulo
MLB4988360348,Chapéu Do Chaves / Gorro / Boné,new,MLB256811,Festas e Lembrancinhas,1342517000,GEMARTGEMART20230330212040,,27.18,1,False,False,São Paulo,São Paulo
MLB4410659190,Escudo Do Capitão América 30cm Alumínio Brinquedo Crianças Cor Escudo Capitão America Vingadores,new,MLB455860,Festas e Lembrancinhas,556245988,COMNET-COMERCIOELETRONICO,,49.9,100,False,False,São Paulo,São Paulo
MLB4261700912,Pistache Decor Capa De Porta Decoração Festa Tecido Com Elástico 0.85x2.10m Cor Papai Noel Natal Anv-2879,new,MLB256818,Festas e Lembrancinhas,226500948,PERSONALIZADOSIDEAL,,59.9,1,False,False,São Paulo,Birigui
MLB3634543866,Balão Bexiga Metalizado 25 Unidades - N°9 - Diversas Cores,new,MLB74678,Festas e Lembrancinhas,1330913470,KAKAKAKA20230314194218,,25.5,500,False,False,São Paulo,São Paulo
MLB3788030144,Canudo Preto De Plástico Biodegradável Para Drinks 250 Unid,new,MLB256843,Festas e Lembrancinhas,349549493,PB FESTAS,22.9,19.69,1,False,False,São Paulo,São Paulo
MLB2629529337,"Tnt 60g - Rolo Com 50 Metros 1,40 De Largura",new,MLB256815,Festas e Lembrancinhas,1066070366,TATAMES SPORTS,,78.9,250,False,False,São Paulo,Tietê
MLB3345674069,Bomba Manual Para Encher Balão - Bomba Para Balão Cor Sortido,new,MLB432172,Festas e Lembrancinhas,1168717189,MP FEST,,15.9,1,False,False,São Paulo,Garça
MLB4846377134,50 Balões Festa Modelagem Canudo Maleável Diversas Cores Cor Transparente Liso,new,MLB74678,Festas e Lembrancinhas,1258695247,FESTOU,,24.79,1,False,False,São Paulo,Sorocaba
MLB4689825944,Cartola Chapéu + Gravata Borboleta + Suspensório Cor Preto,new,MLB256811,Festas e Lembrancinhas,348461660,ANIMAFEST CAMPINAS,45.9,34.2,1,False,False,São Paulo,Campinas
MLB3865128531,Copo Branco Descartável Papel Biodegradável C/ 100un - 180ml,new,MLB256845,Festas e Lembrancinhas,777058595,FIESTAPARTYFESTA,35.2,31.35,1,False,False,São Paulo,São Paulo
MLB4970715340,Mca Suporte Para Balão Bexiga Pega Balão 50cm 50 Unidades,new,MLB257366,Festas e Lembrancinhas,1024235833,PRADOVANESSA20211122193318,53.9,44.73,1,False,False,São Paulo,São Paulo
MLB3852320769,333 Bexigas Balão Com Enchedor De Água Gincana De Verão War,new,MLB74678,Festas e Lembrancinhas,1986681524,AD20240910165615,,45.95,150,False,False,São Paulo,São Paulo
MLB3507619773,Brene Horse Goma Para Feltro 500ml Cor Transparente,new,MLB256811,Festas e Lembrancinhas,273171720,SELARIA IGAPO,,66.07,50,False,False,Paraná,Londrina
MLB4409440422,Bomba Para Encher Bexigas - 2x Mais Rápido Festa Cor Sortida,new,MLB432172,Festas e Lembrancinhas,161873772,DRI.SHOPBRAG,14.9,11.02,1,False,False,São Paulo,Bragança Paulista
MLB3574487979,Fumaça Latão 75mm Chá Revelação Azul Rosa Lilás Verde Festas,new,MLB277583,Festas e Lembrancinhas,214885866,SENADIASDISTRIBUIDORA,59.99,55.79,500,False,False,Minas Gerais,Santo Antônio do Monte
